cp,colonia,municipio
45680,"Álvarez del Castillo","El Salto"
45680,Ampelio,"El Salto"
45680,"Balcones Del Salto","El Salto"
45680,"El Pedregal","El Salto"
45680,"El Sabino","El Salto"
45680,"El Salto Centro","El Salto"
45680,"Jesús Maria","El Salto"
45680,"La Alcantarilla","El Salto"
45680,"La Azucena","El Salto"
45680,"La Mesa INFONAVIT","El Salto"
45680,"Las Lilas","El Salto"
45680,"Los Laureles","El Salto"
45680,"Mesa de los Laureles","El Salto"
45680,Obrera,"El Salto"
45680,"Palo Dulce","El Salto"
45680,"Potrero Nuevo","El Salto"
45680,"Rinconada las Lomas","El Salto"
45683,"Colinas Del Sol","El Salto"
45683,"El Muelle","El Salto"
45683,"Galaxia Bonito Jalisco","El Salto"
45683,"La Muralla","El Salto"
45685,"Cima Serena","El Salto"
45685,"El Salto","El Salto"
45685,"Parques del Castillo","El Salto"
45685,"San Jose Del Castillo","El Salto"
45686,"Hacienda Vieja del Castillo (Castillo Viejo)","El Salto"
45686,"Jardines del Castillo","El Salto"
45690,"Cárdenas Del Rio","El Salto"
45690,"Insurgentes Sur","El Salto"
45690,"La Esmeralda","El Salto"
45690,"La Piedrera","El Salto"
45690,"Las Pintas","El Salto"
45690,"Lomas Montenegro","El Salto"
45690,"Nuevo Paraíso","El Salto"
45690,Pacifico,"El Salto"
45690,"Santa Rosa Del Valle","El Salto"
45692,"Aeropuerto Toncalli","El Salto"
45692,"Baja California","El Salto"
45692,"La Huizachera","El Salto"
45692,"Los Gigantes","El Salto"
45693,"Baja California","El Salto"
45693,"Club de Golf Atlas","El Salto"
45693,"Del Carmen","El Salto"
45693,Ermita,"El Salto"
45693,"Las Pintitas Centro","El Salto"
45693,"Lomas del Aeropuerto","El Salto"
45694,"Buenos Aires","El Salto"
45694,"El Verde","El Salto"
45694,"El Zalate","El Salto"
45694,"Jardines Del Verde","El Salto"
45694,"La Guadalupana","El Salto"
45694,"La Loma","El Salto"
45694,"La Purísima","El Salto"
45694,"Loma Bonita","El Salto"
45694,"Loma de San Juan","El Salto"
45694,"Loma Verde","El Salto"
45694,"Lomas Del Verde","El Salto"
45694,"Los Maestros","El Salto"
45694,Minerales,"El Salto"
45694,"San Jose El Verde Centro","El Salto"
45694,"San Lorenzo","El Salto"
45696,"El Diamante","El Salto"
45696,"El Quince Centro","El Salto"
45696,"El Seminario","El Salto"
45696,"El Terrero","El Salto"
45696,"Felipe Angeles","El Salto"
45696,"La Esperanza","El Salto"
45696,"La Higuera","El Salto"
45696,"Prados Del Salto","El Salto"
44009,"Palacio de Gobierno Del Estado de Jalisco",Guadalajara
44100,"Guadalajara Centro",Guadalajara
44110,"Vallarta Poniente",Guadalajara
44130,Arcos,Guadalajara
44130,"Arcos Vallarta",Guadalajara
44140,"Obrera Centro",Guadalajara
44150,Barrera,Guadalajara
44150,Lafayette,Guadalajara
44158,Deitz,Guadalajara
44160,Americana,Guadalajara
44170,"San Antonio",Guadalajara
44180,Mexicaltzingo,Guadalajara
44190,Moderna,Guadalajara
44200,Artesanos,Guadalajara
44200,"Capilla de Jesús",Guadalajara
44200,"El Santuario",Guadalajara
44200,"Sagrada Familia",Guadalajara
44210,"Jardines del Country",Guadalajara
44210,"Jardines del Country 2a. Sección",Guadalajara
44214,Universidad,Guadalajara
44215,Parían,Guadalajara
44216,"Del Trabajo CTM",Guadalajara
44216,"Fidel Velázquez",Guadalajara
44217,"Residencial Vallarta Country",Guadalajara
44218,"Fabrica de Atemajac",Guadalajara
44219,"Casa Hogar CTM",Guadalajara
44220,"Circunvalación Metro Carballo",Guadalajara
44220,"Guadalupana Norte",Guadalajara
44220,"Guadalupana Sur",Guadalajara
44220,"Santa Elena Alcalde Oriente",Guadalajara
44220,"Santa Elena Alcalde Poniente",Guadalajara
44220,"Santa Mónica",Guadalajara
44220,"Simón Bolívar",Guadalajara
44227,"Jardines de Atemajac",Guadalajara
44230,Autocinema,Guadalajara
44230,"División del Norte",Guadalajara
44230,"Santa Elena de La Cruz",Guadalajara
44230,"Santa Elena Estadio",Guadalajara
44240,"Colomos Independencia",Guadalajara
44240,Estadio,Guadalajara
44240,"FOVISSSTE Independencia",Guadalajara
44240,"Independencia INFONAVIT",Guadalajara
44240,"Lomas de Independencia",Guadalajara
44240,"Nuevo Sur",Guadalajara
44240,"Paseos Independencia",Guadalajara
44240,"Rancho Nuevo 1ra. Sección",Guadalajara
44240,"Rancho Nuevo 2da. Sección",Guadalajara
44240,"Residencial San Elias",Guadalajara
44240,"Ricardo Flores Magón",Guadalajara
44240,"Villas Del Estadio",Guadalajara
44246,"Estadio Poniente",Guadalajara
44247,"Rancho Nuevo INFONAVIT",Guadalajara
44249,"El Jaguey",Guadalajara
44250,"Balcones de Huentitán",Guadalajara
44250,"Huentitán El Bajo",Guadalajara
44250,"Lomas del Paraíso 1a. Sección",Guadalajara
44250,"Lomas del Paraíso 2a. Sección",Guadalajara
44250,"Lomas del Paraíso 3a. Sección",Guadalajara
44250,"Lomas del Paraíso 4a. Sección",Guadalajara
44250,"Lomas del Paraíso 5a. Sección",Guadalajara
44250,"Praderas del Paraíso (Rinconadas del Paraíso)",Guadalajara
44257,"INFONAVIT Planetario",Guadalajara
44257,"San Antonio",Guadalajara
44258,"Colonial Independencia",Guadalajara
44259,"Panorámica Huentitán",Guadalajara
44259,Zoológico,Guadalajara
44260,"Barrio Mezquitan",Guadalajara
44260,"La Normal",Guadalajara
44260,Mezquitan,Guadalajara
44260,"Mezquitan Country",Guadalajara
44260,"Miguel Galindo",Guadalajara
44260,"Niños Héroes",Guadalajara
44260,"San Bernardo",Guadalajara
44260,"San Miguel de Mezquitan",Guadalajara
44265,"Ramón Corona",Guadalajara
44266,Observatorio,Guadalajara
44267,Eugenia,Guadalajara
44268,"Fray Antonio Alcalde",Guadalajara
44270,"Alcalde Barranquitas",Guadalajara
44270,"Colinas de La Normal",Guadalajara
44270,Miraflores,Guadalajara
44280,"El Retiro",Guadalajara
44290,Independencia,Guadalajara
44290,"Independencia Poniente",Guadalajara
44298,"Jardines Alcalde",Guadalajara
44299,"Villas de San Juan",Guadalajara
44300,"Batallón de San Patricio",Guadalajara
44300,"Colonia No. 9",Guadalajara
44300,Esperanza,Guadalajara
44300,"Jardines de Santa Isabel",Guadalajara
44300,"La Federacha",Guadalajara
44300,"La Joya",Guadalajara
44300,"Margarita Maza de Juárez",Guadalajara
44300,"San Miguel de Huentitán El Alto 1a Secc",Guadalajara
44306,"Bosques de La Cantera",Guadalajara
44306,"La Cantera",Guadalajara
44306,"Villas de la Cantera",Guadalajara
44307,Estadio,Guadalajara
44320,"Belisario Domínguez",Guadalajara
44320,Monumental,Guadalajara
44329,"Belisario Domínguez",Guadalajara
44330,"Circunvalación Belisario",Guadalajara
44330,"San Marcos Oriente",Guadalajara
44330,"San Marcos Poniente",Guadalajara
44330,"San Vicente",Guadalajara
44330,"Vicente Guerrero",Guadalajara
44340,"Independencia Oriente",Guadalajara
44350,"Lomas Independencia",Guadalajara
44350,"Postes Cuates (Federalismo)",Guadalajara
44350,"Santa María",Guadalajara
44350,"Santa María Oriente",Guadalajara
44360,"La Natividad",Guadalajara
44360,"La Perla",Guadalajara
44360,"Sagrado Corazón",Guadalajara
44360,"San Juan de Dios",Guadalajara
44370,"El Mirador",Guadalajara
44370,"San Ramón",Guadalajara
44380,"San Felipe",Guadalajara
44390,"Balcones de La Joya",Guadalajara
44390,"Huentitán El Alto",Guadalajara
44390,"La Joyita",Guadalajara
44390,"Real de Huentitán",Guadalajara
44390,"Rinconada de Huentitán",Guadalajara
44390,"San Miguel de Huentitán El Alto 3a Secc",Guadalajara
44395,"INFONAVIT El Verde",Guadalajara
44398,"Colinas de Huentitán",Guadalajara
44399,"Altavista de Guadalajara",Guadalajara
44399,"Dr. Atl",Guadalajara
44399,"Villas de La Barranca",Guadalajara
44400,"Gral. Real",Guadalajara
44400,"La Divina Providencia",Guadalajara
44400,Real,Guadalajara
44400,Revolución,Guadalajara
44410,"La Loma",Guadalajara
44410,Medrano,Guadalajara
44419,"Hernández Romo",Guadalajara
44420,Obrera,Guadalajara
44420,"Unidad Modelo",Guadalajara
44420,"Valentín Gómez Farías",Guadalajara
44430,"El Periodista",Guadalajara
44430,"González Gallo",Guadalajara
44430,Olímpica,Guadalajara
44430,"Quinta Velarde",Guadalajara
44438,Dólar,Guadalajara
44440,"El Dean",Guadalajara
44440,Ferrocarril,Guadalajara
44440,"Valle Del Álamo",Guadalajara
44440,"Valle Del Álamo",Guadalajara
44450,Analco,Guadalajara
44460,"La Aurora",Guadalajara
44460,"Las Conchas",Guadalajara
44460,"San Carlos",Guadalajara
44467,"Rincón de Agua Azul",Guadalajara
44469,"Barragán y Hernández",Guadalajara
44470,"Higuerillas 1a Secc",Guadalajara
44470,"Higuerillas 2a Secc",Guadalajara
44470,"La Nogalera",Guadalajara
44490,"Lázaro Cárdenas",Guadalajara
44490,"Parque Industrial El Álamo",Guadalajara
44493,"Las Juntas",Guadalajara
44500,"Arcos Sur",Guadalajara
44500,"Campo de Polo Chapalita",Guadalajara
44500,Chapalita,Guadalajara
44500,"Jardines de los Arcos",Guadalajara
44500,"Residencial Chapalita",Guadalajara
44500,"Vallarta Sur",Guadalajara
44509,"Vallarta Cuauhtémoc",Guadalajara
44510,"Jardines de Plaza Del Sol",Guadalajara
44510,"Juan Diego",Guadalajara
44510,"Residencial Del Bosque",Guadalajara
44520,"Jardines del Bosque Centro",Guadalajara
44520,"Jardines del Bosque Norte",Guadalajara
44530,"Bertha Cuervo de Jaredo",Guadalajara
44530,"Comercial Abastos",Guadalajara
44530,Margal,Guadalajara
44530,"Mercado de Abastos",Guadalajara
44530,"Rincón Del Bosque",Guadalajara
44535,"Villa La Victoria",Guadalajara
44538,"Rinconada de La Victoria",Guadalajara
44540,"Bosques de La Victoria",Guadalajara
44540,"Bosques Del Valle",Guadalajara
44540,"Jardines del Valle",Guadalajara
44540,"Perla Real",Guadalajara
44549,"Rinconada de La Arboleda",Guadalajara
44550,"Verde Valle",Guadalajara
44550,"Verde Valle Anexo",Guadalajara
44559,Turquesa,Guadalajara
44560,"Residencial Victoria",Guadalajara
44580,"Santa Eduwiges",Guadalajara
44600,"Ladrón de Guevara",Guadalajara
44600,"Santa Teresita",Guadalajara
44600,Villaseñor,Guadalajara
44610,"Country Club",Guadalajara
44610,"Lomas Del Country",Guadalajara
44619,"Villas Del Country",Guadalajara
44620,Ayuntamiento,Guadalajara
44620,"Chapultepec Country",Guadalajara
44630,"Circunvalación Américas",Guadalajara
44630,"Providencia 1a Secc",Guadalajara
44630,"Providencia 2a Secc",Guadalajara
44630,"Providencia 3a Secc",Guadalajara
44635,"Rubio y Corona",Guadalajara
44638,"Providencia 5a Secc",Guadalajara
44639,"Providencia 4a Secc",Guadalajara
44647,"Lomas de Providencia",Guadalajara
44648,"Italia Providencia",Guadalajara
44650,"Las Américas",Guadalajara
44650,"Rojas Ladrón de Guevara",Guadalajara
44656,"Jesús Garcia",Guadalajara
44657,"Lomas de Guevara",Guadalajara
44658,Italia,Guadalajara
44658,"Providencia Sur",Guadalajara
44659,"Secretaria de Relaciones Exteriores",Guadalajara
44660,Aldrete,Guadalajara
44660,"Colinas de San Javier",Guadalajara
44660,"Colomos Providencia",Guadalajara
44660,"Los Colomos",Guadalajara
44660,"Villa de los Colomos",Guadalajara
44665,"Rinconada Del Arroyo",Guadalajara
44667,Agraria,Guadalajara
44668,"Vista Del Country",Guadalajara
44670,"Eulogio Parra",Guadalajara
44670,"Lomas del Valle",Guadalajara
44670,Monraz,Guadalajara
44670,"Prados de Providencia",Guadalajara
44670,"Terrazas Monraz",Guadalajara
44678,"Lomas Santa Rita",Guadalajara
44679,"Circunvalación Sarcófago",Guadalajara
44680,"Circunvalación Guevara",Guadalajara
44680,"Circunvalación Vallarta",Guadalajara
44680,"Residencial Juan Manuel",Guadalajara
44689,Terranova,Guadalajara
44690,"Rinconada Santa Rita",Guadalajara
44690,"Vallarta Norte",Guadalajara
44690,"Vallarta San Jorge",Guadalajara
44690,"Vallarta San Lucas",Guadalajara
44690,"Villa Santa Rita",Guadalajara
44700,"Guadalajara Oriente",Guadalajara
44700,Oblatos,Guadalajara
44700,"Río Verde Oblatos",Guadalajara
44700,"Santa Cecilia 1a. sección",Guadalajara
44700,"Santa Cecilia 2a. Sección",Guadalajara
44700,"Santa Cecilia 3a. Sección",Guadalajara
44700,"Santa Rosa",Guadalajara
44700,"Unidad Río Verde",Guadalajara
44710,Popular,Guadalajara
44710,"San Martín",Guadalajara
44710,"San Martín Anexo",Guadalajara
44710,"Santos Degollado",Guadalajara
44716,"Circunvalación Oblatos",Guadalajara
44719,"Ampliación Talpita",Guadalajara
44719,"Talpita Oriente",Guadalajara
44719,"Talpita Poniente",Guadalajara
44720,Arandas,Guadalajara
44720,"Balcones de Oblatos",Guadalajara
44720,Bethel,Guadalajara
44720,"Heliodoro Hernández Loza 1a Secc",Guadalajara
44720,"Heliodoro Hernández Loza 2a Secc",Guadalajara
44720,"Lomas de Oblatos 1a Secc",Guadalajara
44720,"Lomas de Oblatos 2a Secc",Guadalajara
44720,"Lomas de San Eugenio",Guadalajara
44720,"San José Río Verde 2a. Sección",Guadalajara
44720,"Villas de Guadalupe",Guadalajara
44723,"Plutarco Elias Calles 1",Guadalajara
44724,"San Eugenio",Guadalajara
44724,"San Eugenio",Guadalajara
44725,"Plutarco Elias Calles 2",Guadalajara
44726,"San José Río Verde 1a. Sección",Guadalajara
44727,"Tetlán Rio Verde",Guadalajara
44729,"Jardines de La Barranca",Guadalajara
44729,"Residencial de La Barranca",Guadalajara
44730,"Antigua Penal de Oblatos",Guadalajara
44730,"Blanco y Cuellar 1ra.",Guadalajara
44730,"Blanco y Cuellar 2da.",Guadalajara
44730,"Blanco y Cuellar 3ra.",Guadalajara
44730,"El Porvenir Unidad Hogar",Guadalajara
44730,Progreso,Guadalajara
44730,"Rinconada San Andres Poniente",Guadalajara
44730,"San Juan Bosco",Guadalajara
44737,"Los Mártires",Guadalajara
44739,"Las Huertas",Guadalajara
44740,Industria,Guadalajara
44740,"Jardines de Guadalupe",Guadalajara
44740,"Potrero Alto",Guadalajara
44740,"San Isidro",Guadalajara
44748,"Esteban Alatorre",Guadalajara
44750,"Barajas Villaseñor San Pablo",Guadalajara
44750,"Cuauhtémoc INFONAVIT",Guadalajara
44750,"Cuauhtémoc Popular",Guadalajara
44750,Libertad,Guadalajara
44750,"Santa María de Silo",Guadalajara
44755,"El Porvenir Oriente",Guadalajara
44755,"Rinconada San Andres",Guadalajara
44757,"Los Romo",Guadalajara
44760,"Beatriz Hernández",Guadalajara
44760,"El Zalate",Guadalajara
44760,"Lomas Del Gallo",Guadalajara
44760,"Los Tulipanes",Guadalajara
44760,"Miguel Hidalgo",Guadalajara
44760,"Pablo Valdez",Guadalajara
44760,"Ramón López Velarde",Guadalajara
44765,"Ampliación Provincia",Guadalajara
44765,"Pablo Valdez",Guadalajara
44765,"Pablo Valdez",Guadalajara
44766,"Los Arrayanes",Guadalajara
44766,"Rinconada del Valle",Guadalajara
44768,"Joaquín Aarón",Guadalajara
44769,"La Campesina",Guadalajara
44770,"Benito Juárez",Guadalajara
44770,"Hermosa Provincia",Guadalajara
44770,"INFONAVIT Benito Juárez",Guadalajara
44770,"Lagos de Oriente",Guadalajara
44770,"Lagos de Oriente 2a. Sección",Guadalajara
44770,"San Joaquín",Guadalajara
44780,"San Miguel de Huentitán El Alto 2a Secc",Guadalajara
44790,"Agustín Yánez",Guadalajara
44790,"Jardines de San Francisco",Guadalajara
44790,"La Aurora",Guadalajara
44790,"La Florida",Guadalajara
44790,"Lagos de Oriente",Guadalajara
44790,Versalles,Guadalajara
44799,"Javier Mina",Guadalajara
44800,Magaña,Guadalajara
44800,"San Antonio",Guadalajara
44810,Electricistas,Guadalajara
44810,Europa,Guadalajara
44810,Hormiguero,Guadalajara
44810,"INFONAVIT San Rafael",Guadalajara
44810,"Lomas de Revolución",Guadalajara
44810,"Residencial Del Parque",Guadalajara
44810,"Residencial San Andrés",Guadalajara
44810,"San Andrés",Guadalajara
44810,"San Andrés 1a. Sección",Guadalajara
44810,"San Andrés 2a. Sección",Guadalajara
44810,"San Andrés Gigantes",Guadalajara
44810,"San Rafael",Guadalajara
44810,"San Rafael",Guadalajara
44815,"Jardines de los Escritores",Guadalajara
44817,"San Rafael 2",Guadalajara
44818,"Plan de Ayala",Guadalajara
44820,2001,Guadalajara
44820,"Aldama Tetlán",Guadalajara
44820,"Dioses Del Nilo",Guadalajara
44820,"Insurgentes 1a Secc",Guadalajara
44820,"Insurgentes 2a Secc",Guadalajara
44820,"Insurgentes 3a Secc",Guadalajara
44820,"Insurgentes La Presa",Guadalajara
44820,"Jardines de los Historiadores",Guadalajara
44820,"Jardines de los Poetas",Guadalajara
44820,"Los Obeliscos",Guadalajara
44820,"Parques Del Nilo",Guadalajara
44820,Tetlán,Guadalajara
44820,"Tetlán I",Guadalajara
44820,"Tetlán II",Guadalajara
44820,"Villas de la Presa",Guadalajara
44824,Florencia,Guadalajara
44824,"Villas Del Nilo",Guadalajara
44825,"Parques de San Pedro",Guadalajara
44825,"Popular Hornos",Guadalajara
44827,"El Barro",Guadalajara
44828,"Las Piedrotas",Guadalajara
44828,"Vistas del Nilo",Guadalajara
44829,Cantarranas,Guadalajara
44840,"Ciudad Universitaria",Guadalajara
44840,"Lomas Del Paradero",Guadalajara
44840,"Prados Del Nilo",Guadalajara
44840,Sutaj,Guadalajara
44840,Universitaria,Guadalajara
44860,"El Manantial",Guadalajara
44860,"Jardines de La Paz",Guadalajara
44860,"Jardines de La Paz Norte",Guadalajara
44860,"Jardines del Nilo",Guadalajara
44860,"Jardines del Nilo Norte",Guadalajara
44860,"Jardines del Nilo Sur",Guadalajara
44860,"La Paz",Guadalajara
44860,"Vicente Guerrero",Guadalajara
44870,Atlas,Guadalajara
44870,Atlas,Guadalajara
44870,"Atlas 2a. Sección",Guadalajara
44870,"Atlas Poniente",Guadalajara
44879,Arandas,Guadalajara
44890,"El Rosario",Guadalajara
44890,"Jardines Del Rosario",Guadalajara
44890,"Rancho Blanco",Guadalajara
44890,"Rancho Blanco Álamo",Guadalajara
44890,Reforma,Guadalajara
44895,"El Mirador Álamo",Guadalajara
44896,"Orozco El Mirador",Guadalajara
44897,"Lomas de San Pedro",Guadalajara
44898,"El Rosario",Guadalajara
44899,"Bosques Del Boulevard",Guadalajara
44900,"Del Fresno 1a. Sección",Guadalajara
44900,"Del Fresno 2a. sección",Guadalajara
44910,"8 de Julio",Guadalajara
44910,Morelos,Guadalajara
44910,Tepopote,Guadalajara
44918,"Mariano Matamoros",Guadalajara
44919,"Tepopote Oeste",Guadalajara
44920,Colón,Guadalajara
44920,"Del Sur",Guadalajara
44920,"Las Torres",Guadalajara
44920,"Villa La Cruz",Guadalajara
44929,"Del Sur",Guadalajara
44930,"Colón Industrial",Guadalajara
44940,"Bienestar Social",Guadalajara
44940,"Zona Industrial",Guadalajara
44948,"Villa Hermosa",Guadalajara
44949,"Zona Industrial 2a. Sección",Guadalajara
44950,"Jardines de La Cruz 1a. Sección",Guadalajara
44950,"Jardines de La Cruz 2a. Sección",Guadalajara
44950,"Jardines de San José",Guadalajara
44950,"Jardines Del Sur",Guadalajara
44950,"Residencial La Cruz",Guadalajara
44956,"Villas del Sur 1",Guadalajara
44956,"Villas del Sur 2",Guadalajara
44959,"Villas Jardín",Guadalajara
44960,"18 de Marzo",Guadalajara
44960,"Lomas de Polanco",Guadalajara
44960,"López Portillo",Guadalajara
44960,"Polanco Oriente",Guadalajara
44966,"Patria Nueva",Guadalajara
44967,Patria,Guadalajara
44969,Polanquito,Guadalajara
44970,"1 de Mayo",Guadalajara
44970,"5 de Mayo",Guadalajara
44970,"5 de Mayo 2a Secc",Guadalajara
44970,"Echeverría 1a. Sección",Guadalajara
44970,"Echeverría 2a. Sección",Guadalajara
44970,"Echeverría 3a. Sección",Guadalajara
44970,"Francisco Villa",Guadalajara
44970,"José Clemente Orozco",Guadalajara
44970,"Zona Industrial 1a. Sección",Guadalajara
44970,"Zona Industrial 3a. Sección",Guadalajara
44977,"El Rocio",Guadalajara
44977,"Valentín Gómez Farias",Guadalajara
44977,"Vistas Del Sur",Guadalajara
44978,"Las Palmas",Guadalajara
44980,"Arboledas Del Sur",Guadalajara
44980,"El Carmen",Guadalajara
44980,"Emiliano Zapata",Guadalajara
44980,"Lázaro Cárdenas Sur",Guadalajara
44980,"Los Colorines",Guadalajara
44980,"Nueva España",Guadalajara
44980,"Nueva Santa María",Guadalajara
44984,"Balcones Del 4",Guadalajara
44985,Revolucionaria,Guadalajara
44986,"Loma Linda",Guadalajara
44986,"Lomas Del Pedregal",Guadalajara
44987,"El Sauz INFONAVIT",Guadalajara
44987,"Jardines El Sauz",Guadalajara
44987,"Parques de Colón Sección 2",Guadalajara
44987,"Villa Vicente Guerrero",Guadalajara
44989,"Colón C.R.O.C.",Guadalajara
44990,Miravalle,Guadalajara
44990,Terralta,Guadalajara
45850,"Agua Escondida","Ixtlahuacán de los Membrillos"
45850,Buenavista,"Ixtlahuacán de los Membrillos"
45850,"Ixtlahuacan de los Membrillos","Ixtlahuacán de los Membrillos"
45850,"Los Cedros","Ixtlahuacán de los Membrillos"
45850,"Rinconada las Aguilillas","Ixtlahuacán de los Membrillos"
45857,"La Cañada","Ixtlahuacán de los Membrillos"
45860,"Atequiza Estacion","Ixtlahuacán de los Membrillos"
45860,"La Florida","Ixtlahuacán de los Membrillos"
45860,"Santa Rosa (La Hacienda de Santa Rosa)","Ixtlahuacán de los Membrillos"
45870,"La Capilla","Ixtlahuacán de los Membrillos"
45876,"El Rodeo","Ixtlahuacán de los Membrillos"
45876,"Los Freseros (Los Sabinos)","Ixtlahuacán de los Membrillos"
45877,"Balcones de La Calera","Ixtlahuacán de los Membrillos"
45877,"Huerta Vieja","Ixtlahuacán de los Membrillos"
45877,"Puerta del Sol","Ixtlahuacán de los Membrillos"
45877,"Valle de los Olivos","Ixtlahuacán de los Membrillos"
45880,Juanacatlan,Juanacatlán
45880,Juanacaxtle,Juanacatlán
45883,Zapotlanejo,Juanacatlán
45884,"Estancia de Guadalupe",Juanacatlán
45886,"La Cofradia",Juanacatlán
45887,"Villas Andalucía",Juanacatlán
45890,Miraflores,Juanacatlán
45895,"San Isidro",Juanacatlán
45896,"Casa de Teja",Juanacatlán
45899,"El Saucillo",Juanacatlán
45500,"Niños Heroes","San Pedro Tlaquepaque"
45500,"Tlaquepaque Centro","San Pedro Tlaquepaque"
45500,"Tlaquepaque Pueblito","San Pedro Tlaquepaque"
45509,"INFONAVIT Revolución","San Pedro Tlaquepaque"
45510,"Los Meseros","San Pedro Tlaquepaque"
45519,"Jardines de La Paz","San Pedro Tlaquepaque"
45520,Lindavista,"San Pedro Tlaquepaque"
45520,"Los Altos","San Pedro Tlaquepaque"
45520,"Patria FOVISSSTE","San Pedro Tlaquepaque"
45525,"Parque Tlaquepaque","San Pedro Tlaquepaque"
45525,"Real Patria","San Pedro Tlaquepaque"
45525,"Residencial La Soledad","San Pedro Tlaquepaque"
45527,"Camichines Alborada 1ra. sección","San Pedro Tlaquepaque"
45527,"Camichines Alborada 2 Sección","San Pedro Tlaquepaque"
45527,"Camichines Alborada 3 Sección","San Pedro Tlaquepaque"
45527,"La Asunción","San Pedro Tlaquepaque"
45527,"Residencial Camichines Condomio del Sol","San Pedro Tlaquepaque"
45528,"Los Altos 3a Secc","San Pedro Tlaquepaque"
45530,"Arroyo de Las Flores","San Pedro Tlaquepaque"
45530,"Francisco I. Madero","San Pedro Tlaquepaque"
45530,Guayabitos,"San Pedro Tlaquepaque"
45530,"Lomas del Tepeyac","San Pedro Tlaquepaque"
45530,"Nuevo Santa María","San Pedro Tlaquepaque"
45535,"Industrial El Camino","San Pedro Tlaquepaque"
45535,"Lomas de Santa María","San Pedro Tlaquepaque"
45540,"Camichines Residencial 1ra. Sección","San Pedro Tlaquepaque"
45540,"Camichines Residencial 2da. Sección","San Pedro Tlaquepaque"
45540,Hidalgo,"San Pedro Tlaquepaque"
45540,"Residencial La Asunción 1a. Sección","San Pedro Tlaquepaque"
45550,Quintero,"San Pedro Tlaquepaque"
45559,"Lomas de Tlaquepaque","San Pedro Tlaquepaque"
45559,"Prados Tlaquepaque","San Pedro Tlaquepaque"
45560,Álamo,"San Pedro Tlaquepaque"
45560,"Álamo Oriente","San Pedro Tlaquepaque"
45560,Alfareros,"San Pedro Tlaquepaque"
45560,"El Álamo","San Pedro Tlaquepaque"
45560,"Jardines del Álamo","San Pedro Tlaquepaque"
45560,"La Capacha","San Pedro Tlaquepaque"
45560,"Lomas Del Álamo","San Pedro Tlaquepaque"
45560,"Rancho Blanco","San Pedro Tlaquepaque"
45567,"Álamo Super Manzana","San Pedro Tlaquepaque"
45570,"Colonial Tlaquepaque","San Pedro Tlaquepaque"
45579,"Hacienda de Tlaquepaque","San Pedro Tlaquepaque"
45580,Azabache,"San Pedro Tlaquepaque"
45580,"Canal 58","San Pedro Tlaquepaque"
45580,"El Palomo","San Pedro Tlaquepaque"
45580,"El Puente","San Pedro Tlaquepaque"
45580,"Hacienda de Vidrios","San Pedro Tlaquepaque"
45580,"La Duraznera","San Pedro Tlaquepaque"
45580,"Los Portales","San Pedro Tlaquepaque"
45580,"Nueva Central Camionera","San Pedro Tlaquepaque"
45580,"Residencial Revolución","San Pedro Tlaquepaque"
45580,Revolución,"San Pedro Tlaquepaque"
45580,"Salvador Portillo López","San Pedro Tlaquepaque"
45580,"San Pedro Pescador","San Pedro Tlaquepaque"
45580,Solidaridad,"San Pedro Tlaquepaque"
45580,"Villas de Loma Grande","San Pedro Tlaquepaque"
45580,"Villas Los Cantaros","San Pedro Tlaquepaque"
45588,"El Órgano","San Pedro Tlaquepaque"
45588,"El Tapatío","San Pedro Tlaquepaque"
45588,"El Tapatío 2da. Sección","San Pedro Tlaquepaque"
45588,"Haciendas San Pedro","San Pedro Tlaquepaque"
45588,"Jardines Del Tapatío","San Pedro Tlaquepaque"
45588,"Las Flores","San Pedro Tlaquepaque"
45588,"Paisajes del Tapatío","San Pedro Tlaquepaque"
45588,"Residencial El Tapatío","San Pedro Tlaquepaque"
45589,"Las Huertas","San Pedro Tlaquepaque"
45589,"Las Huertas","San Pedro Tlaquepaque"
45589,"Lomas de San Miguel","San Pedro Tlaquepaque"
45589,"Revolución Jardín","San Pedro Tlaquepaque"
45590,"Barrio de Cemento","San Pedro Tlaquepaque"
45590,"Brisas de Chapala","San Pedro Tlaquepaque"
45590,"Felipe Ángeles","San Pedro Tlaquepaque"
45590,"Hogares del Álamo","San Pedro Tlaquepaque"
45590,Indígena,"San Pedro Tlaquepaque"
45590,"Juan Diego","San Pedro Tlaquepaque"
45590,"La Ladrillera","San Pedro Tlaquepaque"
45590,"Las Juntas","San Pedro Tlaquepaque"
45590,"Las Juntitas","San Pedro Tlaquepaque"
45590,"Las Vegas","San Pedro Tlaquepaque"
45590,"Lázaro Cárdenas","San Pedro Tlaquepaque"
45590,Meridiano,"San Pedro Tlaquepaque"
45590,"Nueva Lázaro Cárdenas","San Pedro Tlaquepaque"
45593,"Álamo Industrial","San Pedro Tlaquepaque"
45594,"FOVISSSTE Miravalle","San Pedro Tlaquepaque"
45594,"INFONAVIT Miravalle","San Pedro Tlaquepaque"
45594,Terralta,"San Pedro Tlaquepaque"
45595,"El Vergel 1ra. Sección","San Pedro Tlaquepaque"
45595,"El Vergel 2da. Sección","San Pedro Tlaquepaque"
45595,"El Vergelito","San Pedro Tlaquepaque"
45595,Micaelita,"San Pedro Tlaquepaque"
45596,"La Guadalupana","San Pedro Tlaquepaque"
45597,"El Campesino","San Pedro Tlaquepaque"
45598,Artesanos,"San Pedro Tlaquepaque"
45598,"Artesanos Oriente","San Pedro Tlaquepaque"
45598,Compositores,"San Pedro Tlaquepaque"
45598,"La Romita","San Pedro Tlaquepaque"
45598,"Salvador Vidrio","San Pedro Tlaquepaque"
45599,"Cerro del Cuatro 1ra. Sección","San Pedro Tlaquepaque"
45599,"Cerro del Cuatro 2da. Sección","San Pedro Tlaquepaque"
45599,"El Refugio","San Pedro Tlaquepaque"
45599,"Guadalupe Ejidal 1ra. Sección","San Pedro Tlaquepaque"
45599,"Guadalupe Ejidal 2da Sección","San Pedro Tlaquepaque"
45599,"Guadalupe Ejidal 3ra. Sección","San Pedro Tlaquepaque"
45599,"Huerta de Peña","San Pedro Tlaquepaque"
45599,"Las Terrazas Residencial","San Pedro Tlaquepaque"
45599,"Lomas de Curiel","San Pedro Tlaquepaque"
45599,"Lomas Del 4","San Pedro Tlaquepaque"
45600,"El Mirador Juan Arias","San Pedro Tlaquepaque"
45600,España,"San Pedro Tlaquepaque"
45600,"INFONAVIT Santa Anita","San Pedro Tlaquepaque"
45600,"La Candelaria","San Pedro Tlaquepaque"
45600,"La Caridad","San Pedro Tlaquepaque"
45600,"Ojo de Agua","San Pedro Tlaquepaque"
45600,"Ponciano Arriaga","San Pedro Tlaquepaque"
45600,"Residencial Quinta Nova","San Pedro Tlaquepaque"
45600,"San Francisco","San Pedro Tlaquepaque"
45600,"Santa Anita","San Pedro Tlaquepaque"
45600,"Santa Anita Residencial","San Pedro Tlaquepaque"
45601,"Barrio de San Miguel","San Pedro Tlaquepaque"
45601,"El Real","San Pedro Tlaquepaque"
45601,"Geovillas Los Olivos","San Pedro Tlaquepaque"
45601,"Hacienda del Real","San Pedro Tlaquepaque"
45601,"Indígena San Sebastianito","San Pedro Tlaquepaque"
45601,"Jardines de Miraflores","San Pedro Tlaquepaque"
45601,"La Gigantera","San Pedro Tlaquepaque"
45601,"Loma Verde","San Pedro Tlaquepaque"
45601,"Los Olivos de Tlaquepaque","San Pedro Tlaquepaque"
45601,"Prados de Santa María","San Pedro Tlaquepaque"
45601,"Riveras de San Sebastianito","San Pedro Tlaquepaque"
45601,"San Sebastianito","San Pedro Tlaquepaque"
45601,"Santa María Tequepexpan","San Pedro Tlaquepaque"
45601,Tulipanes,"San Pedro Tlaquepaque"
45601,"Valle de las Heras","San Pedro Tlaquepaque"
45601,"Valle de San Sebastianito","San Pedro Tlaquepaque"
45601,"Valle del Sur","San Pedro Tlaquepaque"
45601,"Villa de Santa María","San Pedro Tlaquepaque"
45602,Antares,"San Pedro Tlaquepaque"
45602,"El Sereno","San Pedro Tlaquepaque"
45602,"Geovillas del Real","San Pedro Tlaquepaque"
45602,"La Calerilla","San Pedro Tlaquepaque"
45602,Loreto,"San Pedro Tlaquepaque"
45604,ITESO,"San Pedro Tlaquepaque"
45605,"Antigua Santa María","San Pedro Tlaquepaque"
45605,Mezquitera,"San Pedro Tlaquepaque"
45605,"Revolucionaria Unidad","San Pedro Tlaquepaque"
45606,"Balcones de Santa María","San Pedro Tlaquepaque"
45606,"Buenos Aires","San Pedro Tlaquepaque"
45606,"Jardines de Santa María","San Pedro Tlaquepaque"
45606,"Loma Linda","San Pedro Tlaquepaque"
45606,"Lomas de San MIguel","San Pedro Tlaquepaque"
45606,"Villas Colón","San Pedro Tlaquepaque"
45607,"Bosque I","San Pedro Tlaquepaque"
45607,"El Mante","San Pedro Tlaquepaque"
45607,"Loma Bonita Poniente","San Pedro Tlaquepaque"
45607,"Lomas de La Victoria","San Pedro Tlaquepaque"
45608,"Cerro Del Tesoro","San Pedro Tlaquepaque"
45608,"El Sáuz","San Pedro Tlaquepaque"
45608,"Loma Bonita Ejidal","San Pedro Tlaquepaque"
45608,"Mirador del Tesoro","San Pedro Tlaquepaque"
45608,"Paisajes del Tesoro","San Pedro Tlaquepaque"
45608,"Parques de Colon","San Pedro Tlaquepaque"
45608,Tecnológico,"San Pedro Tlaquepaque"
45609,"Arroyo Seco","San Pedro Tlaquepaque"
45609,"Haciendas de San José","San Pedro Tlaquepaque"
45609,"Parques de Santa María","San Pedro Tlaquepaque"
45609,"Parques del Bosque","San Pedro Tlaquepaque"
45610,"Pedregal del Bosque","San Pedro Tlaquepaque"
45610,"Real Tulipanes","San Pedro Tlaquepaque"
45610,Toluquilla,"San Pedro Tlaquepaque"
45610,"Tres Pinos","San Pedro Tlaquepaque"
45613,"Paseos del Prado","San Pedro Tlaquepaque"
45615,"Coto Del Carmen","San Pedro Tlaquepaque"
45615,"El Bosque II","San Pedro Tlaquepaque"
45615,"López Cotilla","San Pedro Tlaquepaque"
45615,"Misión Magnolia","San Pedro Tlaquepaque"
45615,"Parques de Santa Cruz del Valle","San Pedro Tlaquepaque"
45615,"Valle de La Misericordia","San Pedro Tlaquepaque"
45615,"Villa Fontana","San Pedro Tlaquepaque"
45618,"Ex-haciendas del Cuatro","San Pedro Tlaquepaque"
45618,"Haciendas de Vista Hermosa","San Pedro Tlaquepaque"
45618,"Juan de La Barrera","San Pedro Tlaquepaque"
45618,"Ojo de Agua","San Pedro Tlaquepaque"
45618,"San Clemente","San Pedro Tlaquepaque"
45618,"Senderos de Tlaquepaque","San Pedro Tlaquepaque"
45618,"Valle Verde","San Pedro Tlaquepaque"
45618,"Vista Hermosa","San Pedro Tlaquepaque"
45619,"Granjas de Monte Negro","San Pedro Tlaquepaque"
45619,"Las Pintas de Abajo","San Pedro Tlaquepaque"
45619,"Paseos Lago","San Pedro Tlaquepaque"
45620,"Plan de Oriente","San Pedro Tlaquepaque"
45620,"Plan del Sur","San Pedro Tlaquepaque"
45623,Atlas,"San Pedro Tlaquepaque"
45623,"El Manantial","San Pedro Tlaquepaque"
45623,Iberoamericano,"San Pedro Tlaquepaque"
45623,"Las Liebres","San Pedro Tlaquepaque"
45623,"Las Liebres","San Pedro Tlaquepaque"
45623,"Portillo Blanco","San Pedro Tlaquepaque"
45625,"Lomas de San Pedrito","San Pedro Tlaquepaque"
45625,"Rinconadas de Los Encinos","San Pedro Tlaquepaque"
45625,"San Pedrito","San Pedro Tlaquepaque"
45625,"Villas de San Miguel","San Pedro Tlaquepaque"
45626,"Cedro Jalisco","San Pedro Tlaquepaque"
45627,"El Zalate","San Pedro Tlaquepaque"
45627,"Los Amiales","San Pedro Tlaquepaque"
45627,"Verde Valle","San Pedro Tlaquepaque"
45628,"Alfredo Barba","San Pedro Tlaquepaque"
45628,"Jardines de San Martín","San Pedro Tlaquepaque"
45628,"Lomas Del Tapatío","San Pedro Tlaquepaque"
45629,"Álvaro Obregón","San Pedro Tlaquepaque"
45629,"El Cerrito","San Pedro Tlaquepaque"
45629,"El Morito","San Pedro Tlaquepaque"
45629,"Jardines del Órgano","San Pedro Tlaquepaque"
45629,"López Mateos","San Pedro Tlaquepaque"
45629,"Mirador de San Martín","San Pedro Tlaquepaque"
45629,"Quintas de Tlaquepaque","San Pedro Tlaquepaque"
45629,"San Martín de las Flores de Abajo","San Pedro Tlaquepaque"
45629,"San Martín de las Flores de Arriba","San Pedro Tlaquepaque"
45629,"Villas del Tapatío","San Pedro Tlaquepaque"
45630,Alameda,"San Pedro Tlaquepaque"
45630,"Cantera Colorada","San Pedro Tlaquepaque"
45630,"Cerro del Jagüey","San Pedro Tlaquepaque"
45630,"El Refugio","San Pedro Tlaquepaque"
45630,"La Pilita","San Pedro Tlaquepaque"
45630,Laderita,"San Pedro Tlaquepaque"
45630,"Ojo de Agua","San Pedro Tlaquepaque"
45630,Tateposco,"San Pedro Tlaquepaque"
45630,Tinajitas,"San Pedro Tlaquepaque"
45638,"Barrios Unidos de Intercolonias","San Pedro Tlaquepaque"
45638,"Cantares del Paraíso","San Pedro Tlaquepaque"
45638,"El Canelo","San Pedro Tlaquepaque"
45638,"El Nogal","San Pedro Tlaquepaque"
45638,"El Sauz","San Pedro Tlaquepaque"
45638,"Emiliano Zapata","San Pedro Tlaquepaque"
45638,"Francisco Silva Romero","San Pedro Tlaquepaque"
45638,Guadalupana,"San Pedro Tlaquepaque"
45638,"Horizontes de Tlaquepaque","San Pedro Tlaquepaque"
45638,"La Arena","San Pedro Tlaquepaque"
45638,"La Artesana","San Pedro Tlaquepaque"
45638,"La Cofradia","San Pedro Tlaquepaque"
45638,"La Puerta","San Pedro Tlaquepaque"
45638,"La Severiana","San Pedro Tlaquepaque"
45638,"Los Hornos","San Pedro Tlaquepaque"
45638,"Los Naranjos","San Pedro Tlaquepaque"
45638,"Los Puestos","San Pedro Tlaquepaque"
45638,"Residentes de San Martín","San Pedro Tlaquepaque"
45638,"San Juan","San Pedro Tlaquepaque"
45638,Santibáñez,"San Pedro Tlaquepaque"
45638,"Sentimientos de La Nación","San Pedro Tlaquepaque"
45638,"Valle del Paraíso","San Pedro Tlaquepaque"
45640,"Arcos de la Cruz","Tlajomulco de Zúñiga"
45640,Banús,"Tlajomulco de Zúñiga"
45640,"Bosques de la Esperanza","Tlajomulco de Zúñiga"
45640,Buenavista,"Tlajomulco de Zúñiga"
45640,"Cima Del Sol","Tlajomulco de Zúñiga"
45640,Cofradía,"Tlajomulco de Zúñiga"
45640,"Cofradia de La Luz","Tlajomulco de Zúñiga"
45640,"Colinas de Santa Anita","Tlajomulco de Zúñiga"
45640,"Colinas Desarrollo","Tlajomulco de Zúñiga"
45640,"El Centarro","Tlajomulco de Zúñiga"
45640,"El Cortijo","Tlajomulco de Zúñiga"
45640,"El Esquivel","Tlajomulco de Zúñiga"
45640,"El Tecolote","Tlajomulco de Zúñiga"
45640,"Hacienda Real","Tlajomulco de Zúñiga"
45640,"Héroes de Nacozari","Tlajomulco de Zúñiga"
45640,"Jardines de Tlajomulco","Tlajomulco de Zúñiga"
45640,"La Lomita","Tlajomulco de Zúñiga"
45640,"La Providencia","Tlajomulco de Zúñiga"
45640,"La Purísima","Tlajomulco de Zúñiga"
45640,"La Teja","Tlajomulco de Zúñiga"
45640,Larios,"Tlajomulco de Zúñiga"
45640,"Las Flores","Tlajomulco de Zúñiga"
45640,"Las Galeanas","Tlajomulco de Zúñiga"
45640,"Las Víboras (Fraccionamiento Valle de las Flores)","Tlajomulco de Zúñiga"
45640,"Lomas de Tejeda Habitacional","Tlajomulco de Zúñiga"
45640,"Lomas de Tejeda ing.","Tlajomulco de Zúñiga"
45640,"Lomas del Pedregal","Tlajomulco de Zúñiga"
45640,"Los Álamos","Tlajomulco de Zúñiga"
45640,"Los Mezquites","Tlajomulco de Zúñiga"
45640,"Los Pinos","Tlajomulco de Zúñiga"
45640,"Mirador del Valle","Tlajomulco de Zúñiga"
45640,"Nuevo Tlajomulco","Tlajomulco de Zúñiga"
45640,Patria,"Tlajomulco de Zúñiga"
45640,"Prados de La Higuera","Tlajomulco de Zúñiga"
45640,"Rancho el Derramadero","Tlajomulco de Zúñiga"
45640,"Rancho el Zapote","Tlajomulco de Zúñiga"
45640,"Rancho los Ocampo","Tlajomulco de Zúñiga"
45640,"Rinconada las Auroras","Tlajomulco de Zúñiga"
45640,"Rinconadas del Sol","Tlajomulco de Zúñiga"
45640,"Santa Cruz de las Flores","Tlajomulco de Zúñiga"
45640,"Tlajomulco Centro","Tlajomulco de Zúñiga"
45640,"Valle de Tlajomulco","Tlajomulco de Zúñiga"
45640,Villanova,"Tlajomulco de Zúñiga"
45641,"El Mirador","Tlajomulco de Zúñiga"
45641,"Hacienda La Noria","Tlajomulco de Zúñiga"
45641,"Lomas de Tejeda","Tlajomulco de Zúñiga"
45641,"Lomas Habitacional","Tlajomulco de Zúñiga"
45641,"Los Sauces","Tlajomulco de Zúñiga"
45641,"Los Tapia","Tlajomulco de Zúñiga"
45641,"Residencial Lomas de Tejeda","Tlajomulco de Zúñiga"
45641,"Rinconada de Los Nogales I y II","Tlajomulco de Zúñiga"
45641,"Tierra de la Esperanza","Tlajomulco de Zúñiga"
45643,"El Palomar","Tlajomulco de Zúñiga"
45643,"El Palomar Secc Balcones","Tlajomulco de Zúñiga"
45643,"El Palomar Secc Bosques","Tlajomulco de Zúñiga"
45643,"El Palomar Secc Cañadas","Tlajomulco de Zúñiga"
45643,"El Palomar Secc Jockey Club","Tlajomulco de Zúñiga"
45643,"El Palomar Secc Panorámica","Tlajomulco de Zúñiga"
45643,"Las Villas","Tlajomulco de Zúñiga"
45643,"Rinconada Del Palomar","Tlajomulco de Zúñiga"
45643,"San Martin Del Tajo","Tlajomulco de Zúñiga"
45644,"La Cruz Vieja (Soledad de Cruz Vieja)","Tlajomulco de Zúñiga"
45644,"Los Tepetates","Tlajomulco de Zúñiga"
45644,"Santa Cruz de la Loma (Tepetates)","Tlajomulco de Zúñiga"
45645,"Arbolada Bosques de Santa Anita","Tlajomulco de Zúñiga"
45645,Bellaterra,"Tlajomulco de Zúñiga"
45645,"Bonanza Residencial","Tlajomulco de Zúñiga"
45645,"Bosque Real","Tlajomulco de Zúñiga"
45645,"Bosques de Las Moras","Tlajomulco de Zúñiga"
45645,"Bosques de Santa Anita","Tlajomulco de Zúñiga"
45645,"Campo Nogal","Tlajomulco de Zúñiga"
45645,"Cañada Santa Anita","Tlajomulco de Zúñiga"
45645,"Club de Golf Santa Anita","Tlajomulco de Zúñiga"
45645,"Cortijo de San Agustin","Tlajomulco de Zúñiga"
45645,"Coto Nueva Galicia","Tlajomulco de Zúñiga"
45645,"Del Pilar Residencial","Tlajomulco de Zúñiga"
45645,"El Alcázar (Casa Fuerte)","Tlajomulco de Zúñiga"
45645,"El Manantial","Tlajomulco de Zúñiga"
45645,"El Oro","Tlajomulco de Zúñiga"
45645,"Hacienda del Oro","Tlajomulco de Zúñiga"
45645,"Hacienda La Candelaria","Tlajomulco de Zúñiga"
45645,"Hacienda San Agustin","Tlajomulco de Zúñiga"
45645,Jade,"Tlajomulco de Zúñiga"
45645,"La Loma","Tlajomulco de Zúñiga"
45645,"La Loma Residencial","Tlajomulco de Zúñiga"
45645,"Lago Nogal","Tlajomulco de Zúñiga"
45645,"Las Varitas","Tlajomulco de Zúñiga"
45645,"Lomas de Santa Anita","Tlajomulco de Zúñiga"
45645,"Los Gavilanes","Tlajomulco de Zúñiga"
45645,"Los Gavilanes Poniente","Tlajomulco de Zúñiga"
45645,"Los Laureles","Tlajomulco de Zúñiga"
45645,"Los Naranjos","Tlajomulco de Zúñiga"
45645,"Monte Benarés","Tlajomulco de Zúñiga"
45645,Naturezza,"Tlajomulco de Zúñiga"
45645,"Nicolás R Casillas","Tlajomulco de Zúñiga"
45645,"Nueva Galicia Residencial","Tlajomulco de Zúñiga"
45645,"Primavera Santa Anita","Tlajomulco de Zúñiga"
45645,"Pueblo Bonito","Tlajomulco de Zúñiga"
45645,"Real de Santa Anita","Tlajomulco de Zúñiga"
45645,"Real del Bosque","Tlajomulco de Zúñiga"
45645,"Residencial Provenza (La Romana)","Tlajomulco de Zúñiga"
45645,"Rinconada Santa Anita","Tlajomulco de Zúñiga"
45645,"San Agustin","Tlajomulco de Zúñiga"
45645,"San Antonio Lagunitas","Tlajomulco de Zúñiga"
45645,"San José del Tajo","Tlajomulco de Zúñiga"
45645,"Santa Anita","Tlajomulco de Zúñiga"
45645,"Santa Anita Camino Real","Tlajomulco de Zúñiga"
45645,"Santa Isabel","Tlajomulco de Zúñiga"
45645,"Sendero las Moras","Tlajomulco de Zúñiga"
45645,"Villa California","Tlajomulco de Zúñiga"
45645,"Villa Real","Tlajomulco de Zúñiga"
45645,"Villas de San Agustin","Tlajomulco de Zúñiga"
45645,"Villas de Santa Anita","Tlajomulco de Zúñiga"
45645,"Vistas de San Agustin","Tlajomulco de Zúñiga"
45646,"Acueducto San Agustín","Tlajomulco de Zúñiga"
45646,"Acueducto San Javier","Tlajomulco de Zúñiga"
45646,"El Renacimiento","Tlajomulco de Zúñiga"
45646,"Haciendas Del Sur","Tlajomulco de Zúñiga"
45646,"Los Álamos","Tlajomulco de Zúñiga"
45646,Mirage,"Tlajomulco de Zúñiga"
45646,"Senderos de Monte Verde","Tlajomulco de Zúñiga"
45646,"Villas Camino Real de Colima","Tlajomulco de Zúñiga"
45646,"Villas Santa Sofía","Tlajomulco de Zúñiga"
45647,"Cuatro Camichines de La Tijera","Tlajomulco de Zúñiga"
45647,"Hacienda La Tijera","Tlajomulco de Zúñiga"
45647,"Jardín de Las Moras","Tlajomulco de Zúñiga"
45647,"La Tijera","Tlajomulco de Zúñiga"
45647,"Las Amapas","Tlajomulco de Zúñiga"
45647,"Las Moras","Tlajomulco de Zúñiga"
45647,Tulipanes,"Tlajomulco de Zúñiga"
45647,"Villas de La Tijera","Tlajomulco de Zúñiga"
45650,"Balcones de Santa Anita","Tlajomulco de Zúñiga"
45650,"Colinas del Roble","Tlajomulco de Zúñiga"
45650,"El Arroyo","Tlajomulco de Zúñiga"
45650,"El Chirimoyo","Tlajomulco de Zúñiga"
45650,"El Ojo de Agua","Tlajomulco de Zúñiga"
45650,"El Paraíso","Tlajomulco de Zúñiga"
45650,"Huertas Productivas de Jalisco","Tlajomulco de Zúñiga"
45650,"Jardines de San Sebastián","Tlajomulco de Zúñiga"
45650,"Jardines de Verano","Tlajomulco de Zúñiga"
45650,"La Fortuna","Tlajomulco de Zúñiga"
45650,"La Fresa [Dulcera]","Tlajomulco de Zúñiga"
45650,"La Roca","Tlajomulco de Zúñiga"
45650,"Las Casas de San Sebastián","Tlajomulco de Zúñiga"
45650,"Lomas de San Agustin","Tlajomulco de Zúñiga"
45650,"Lomas de San Agustin II","Tlajomulco de Zúñiga"
45650,"Lomas Del Sur","Tlajomulco de Zúñiga"
45650,"Los Abedúles","Tlajomulco de Zúñiga"
45650,"Los Arcos de San Sebastián","Tlajomulco de Zúñiga"
45650,"Los Portales de San Sebastián","Tlajomulco de Zúñiga"
45650,"Paseo de Las Aves","Tlajomulco de Zúñiga"
45650,"Rancho Grande","Tlajomulco de Zúñiga"
45650,"Rinconada de San Sebastián","Tlajomulco de Zúñiga"
45650,"San Antonio","Tlajomulco de Zúñiga"
45650,"San Miguel Residencial","Tlajomulco de Zúñiga"
45650,"San Pablo","Tlajomulco de Zúñiga"
45650,"San Sebastián El Grande","Tlajomulco de Zúñiga"
45650,"Santa Anita","Tlajomulco de Zúñiga"
45650,"Valle de los Encinos","Tlajomulco de Zúñiga"
45650,"Valle de San Sebastián","Tlajomulco de Zúñiga"
45650,"Villas de San Sebastián","Tlajomulco de Zúñiga"
45650,"Villas de Zapotepec","Tlajomulco de Zúñiga"
45650,"Villas del Edén","Tlajomulco de Zúñiga"
45650,"Villas Terranova","Tlajomulco de Zúñiga"
45650,"Vistas del Valle","Tlajomulco de Zúñiga"
45653,Chulavista,"Tlajomulco de Zúñiga"
45653,"Colina de la Cruz","Tlajomulco de Zúñiga"
45653,"Concepción Del Valle","Tlajomulco de Zúñiga"
45653,"Hacienda Santa Fe","Tlajomulco de Zúñiga"
45653,"La Troje","Tlajomulco de Zúñiga"
45653,"Lomas del Mirador","Tlajomulco de Zúñiga"
45653,"Los Cantaros","Tlajomulco de Zúñiga"
45653,"Los Encinos","Tlajomulco de Zúñiga"
45653,"San Jose Del Valle","Tlajomulco de Zúñiga"
45653,"Valle Dorado","Tlajomulco de Zúñiga"
45653,"Villa Fontana Aqua","Tlajomulco de Zúñiga"
45653,Villalta,"Tlajomulco de Zúñiga"
45654,"Altus Bosques","Tlajomulco de Zúñiga"
45654,"Arboledas Plus","Tlajomulco de Zúñiga"
45654,Belcanto,"Tlajomulco de Zúñiga"
45654,"El Paraíso","Tlajomulco de Zúñiga"
45654,"Jardines Del Edén","Tlajomulco de Zúñiga"
45654,"La Arbolada","Tlajomulco de Zúñiga"
45654,"La Concha","Tlajomulco de Zúñiga"
45654,"La Esperanza","Tlajomulco de Zúñiga"
45654,"La Unión Del 4","Tlajomulco de Zúñiga"
45654,"Los Fresnos","Tlajomulco de Zúñiga"
45654,"Luis Donaldo Colosio","Tlajomulco de Zúñiga"
45654,Multiplaza,"Tlajomulco de Zúñiga"
45654,"Puerta del Sol","Tlajomulco de Zúñiga"
45654,"Punta Coral Aqua","Tlajomulco de Zúñiga"
45654,"Real del Sol","Tlajomulco de Zúñiga"
45654,"Real Del Valle","Tlajomulco de Zúñiga"
45654,"San José Residencial","Tlajomulco de Zúñiga"
45654,"Senderos Del Valle","Tlajomulco de Zúñiga"
45654,"Villa Esmeralda","Tlajomulco de Zúñiga"
45654,"Villas de La Hacienda","Tlajomulco de Zúñiga"
45655,"Quintas del Valle","Tlajomulco de Zúñiga"
45655,"Santa Cruz Del Valle","Tlajomulco de Zúñiga"
45656,"Campo Sur","Tlajomulco de Zúñiga"
45656,"Hacienda los Eucaliptos","Tlajomulco de Zúñiga"
45659,"Guadalajara (Miguel Hidalgo y Costilla)","Tlajomulco de Zúñiga"
45660,Cuyutlan,"Tlajomulco de Zúñiga"
45660,"Lomas de San Diego","Tlajomulco de Zúñiga"
45660,"Nuevo San Miguel I y II","Tlajomulco de Zúñiga"
45660,"Pedregal de San Miguel","Tlajomulco de Zúñiga"
45660,"San Diego","Tlajomulco de Zúñiga"
45660,"San Miguel Cuyutlan","Tlajomulco de Zúñiga"
45663,"Coto del Valle","Tlajomulco de Zúñiga"
45663,"Las Gaviotas","Tlajomulco de Zúñiga"
45663,"San Lucas Evangelista","Tlajomulco de Zúñiga"
45664,Cuexcomatitlán,"Tlajomulco de Zúñiga"
45665,"San Juan Evangelista (San Juan)","Tlajomulco de Zúñiga"
45668,"Cerro Viejo","Tlajomulco de Zúñiga"
45670,Arvento,"Tlajomulco de Zúñiga"
45670,Cajititlán,"Tlajomulco de Zúñiga"
45670,"Colinas de Cajititlán","Tlajomulco de Zúñiga"
45670,"La Noria de Los Reyes","Tlajomulco de Zúñiga"
45670,"Tres Reyes","Tlajomulco de Zúñiga"
45672,"El Zapote Del Valle","Tlajomulco de Zúñiga"
45672,"Paseos del Valle","Tlajomulco de Zúñiga"
45672,"Rancho Alegre","Tlajomulco de Zúñiga"
45672,"Refugio Del Valle","Tlajomulco de Zúñiga"
45673,"Vistas de Monteblanco","Tlajomulco de Zúñiga"
45675,"Colinas del Paraíso I y II","Tlajomulco de Zúñiga"
45675,"El Capulín","Tlajomulco de Zúñiga"
45675,"Jardines del Capulín","Tlajomulco de Zúñiga"
45675,"Nuevo Progreso","Tlajomulco de Zúñiga"
45675,"Paseo de Los Agaves","Tlajomulco de Zúñiga"
45676,"Jardines de La Calera","Tlajomulco de Zúñiga"
45677,"Balcones de La Calera","Tlajomulco de Zúñiga"
45678,"La Calera","Tlajomulco de Zúñiga"
45679,Alameda,"Tlajomulco de Zúñiga"
45679,"Jardines de La Alameda","Tlajomulco de Zúñiga"
45679,"Los Ciruelos","Tlajomulco de Zúñiga"
45679,"Parque Industrial Aeropuerto","Tlajomulco de Zúñiga"
45679,"Villas de la Alameda","Tlajomulco de Zúñiga"
45400,Altamira,Tonalá
45400,Arroyos,Tonalá
45400,"Bajío de la Mesa",Tonalá
45400,"Balcones Del Sol",Tonalá
45400,Bellavista,Tonalá
45400,"Buenos Aires",Tonalá
45400,Cañon,Tonalá
45400,Cihualpilli,Tonalá
45400,"Colinas de Altamira",Tonalá
45400,"Colinas de San Carlos",Tonalá
45400,"Colonia del Sur",Tonalá
45400,Colorines,Tonalá
45400,Comolca,Tonalá
45400,Concha,Tonalá
45400,Cuchara,Tonalá
45400,"El Amial",Tonalá
45400,"El Mirador",Tonalá
45400,"El Remolino",Tonalá
45400,"El Zapote",Tonalá
45400,"Fidel Velázquez",Tonalá
45400,"Hidalgo de Tonala",Tonalá
45400,"Jardines de San Rafael",Tonalá
45400,"Jardines de Tonala",Tonalá
45400,"La Alberca",Tonalá
45400,"La Cabaña",Tonalá
45400,"La Comolea",Tonalá
45400,"La Mesa I",Tonalá
45400,"La Mesa II",Tonalá
45400,"La Providencia",Tonalá
45400,"Las Gabrielas",Tonalá
45400,"Loma Sur",Tonalá
45400,"Lomas de Tonalá",Tonalá
45400,"Mirador de La Reyna",Tonalá
45400,"Mirador Del Sol",Tonalá
45400,"Misión Del Campanario",Tonalá
45400,Pachaguillo,Tonalá
45400,Pirul,Tonalá
45400,"Poder Popular",Tonalá
45400,"Potrerito Beccerros",Tonalá
45400,"Praderas Del Sol",Tonalá
45400,"Prados Tonalá",Tonalá
45400,"Pueblito Del Sol",Tonalá
45400,"Ricardo Flores Magón",Tonalá
45400,"Rinconada de los Cerezos",Tonalá
45400,"Rinconada Tonalá",Tonalá
45400,"Rinconadas Del Sol",Tonalá
45400,"San Elias",Tonalá
45400,"San Mateo",Tonalá
45400,"Sillita Zapote",Tonalá
45400,Tenamaxtle,Tonalá
45400,"Tonalá Centro",Tonalá
45400,Tonaltecas,Tonalá
45400,"Tonaltecas II",Tonalá
45400,"Valle Del Sol",Tonalá
45400,"Vistas del Valle",Tonalá
45400,"Vistas Tonallán",Tonalá
45400,Xicoxochitl,Tonalá
45402,Alfareros,Tonalá
45402,Alpinos,Tonalá
45402,"Amiales Ciudad Aztlán",Tonalá
45402,"Anexo Ciudad Aztlán",Tonalá
45402,"Barrio Nuevo",Tonalá
45402,"Ciudad Aztlán",Tonalá
45402,"Colinas de Tonalá",Tonalá
45402,"Colonos Ciudad Aztlán",Tonalá
45402,"El Barro",Tonalá
45402,"El Cerrito",Tonalá
45402,"El Cerro",Tonalá
45402,"Francisco Villa",Tonalá
45402,"Fuentes Del Nilo",Tonalá
45402,"Industrial Nueva Central Camionera",Tonalá
45402,Ladera,Tonalá
45402,Lagunero,Tonalá
45402,Larguero,Tonalá
45402,"Linda Vista",Tonalá
45402,"Loma Dorada Ejidal",Tonalá
45402,"Loma Dorada Secc A",Tonalá
45402,"Loma Dorada Secc B",Tonalá
45402,"Loma Dorada Secc C",Tonalá
45402,"Loma Dorada Secc D",Tonalá
45402,"Lomas Del Manantial",Tonalá
45402,"Los Cuadros",Tonalá
45402,"Los Liberales",Tonalá
45402,"Los Músicos",Tonalá
45402,"Nuevo Santa Cruz",Tonalá
45402,Pedregal,Tonalá
45402,"Privada Torres",Tonalá
45402,"Quintana Catalina",Tonalá
45402,"Rey Xolotl",Tonalá
45402,"Santa Cruz de las Huertas",Tonalá
45402,Torres,Tonalá
45402,"Villas Artesanos",Tonalá
45403,"Agua Escondida",Tonalá
45403,"Buenos Aires",Tonalá
45403,Cipreses,Tonalá
45403,"Colinas de La Cruz",Tonalá
45403,"Colinas Santa Cruz II",Tonalá
45403,"Del Valle",Tonalá
45403,"El Bajío de Santa Cruz",Tonalá
45403,"El Doradito",Tonalá
45403,"Flores Magón I Fracc",Tonalá
45403,"Flores Magón II",Tonalá
45403,"Hacienda San Francisco",Tonalá
45403,"INFONAVIT La Soledad",Tonalá
45403,"INFONAVIT Río Nilo",Tonalá
45403,"La Quinta",Tonalá
45403,"Lomas de La Soledad",Tonalá
45403,"Lomas de los Pájaros",Tonalá
45403,"Lomas del Camichin",Tonalá
45403,"Los Camichines I",Tonalá
45403,"Los Camichines II",Tonalá
45403,"Los Camichines III",Tonalá
45403,"Los Pocitos",Tonalá
45403,Maravillas,Tonalá
45403,"Paseos Del Valle",Tonalá
45403,"Plaza Camichines",Tonalá
45403,"Real Patria",Tonalá
45403,"Rinconada de la Presa",Tonalá
45403,"Rinconada del Árbol",Tonalá
45403,"Rinconada San Francisco",Tonalá
45403,"Torres de Rio Nilo",Tonalá
45403,"Villas de Guadalupe de Tonalá",Tonalá
45403,"Villas de Oriente",Tonalá
45403,"Villas de Oriente II",Tonalá
45404,"20 de Noviembre I",Tonalá
45404,"20 de Noviembre II",Tonalá
45404,Adobera,Tonalá
45404,Aguajomate,Tonalá
45404,Águilas,Tonalá
45404,"Balcones del Rosario",Tonalá
45404,"Basilio Badillo II",Tonalá
45404,"Bosques de Tonala Sección I",Tonalá
45404,"Bosques de Tonala Sección II",Tonalá
45404,"Buenavista I",Tonalá
45404,"Buenavista II",Tonalá
45404,"Comunidad Indígena El Rosario",Tonalá
45404,"Educadores Jaliscienses",Tonalá
45404,"El Rosario",Tonalá
45404,"El Rosarito",Tonalá
45404,Gavilanes,Tonalá
45404,Huerta,Tonalá
45404,"Jardines de Elizabeth",Tonalá
45404,"Jardines Del Rosario",Tonalá
45404,"La Hortaliza",Tonalá
45404,"Leyes de Reforma",Tonalá
45404,"Misión Cantera",Tonalá
45404,Plan,Tonalá
45404,"Plan Pardo",Tonalá
45404,"Plan Rosario",Tonalá
45404,"Puerta del Rosario",Tonalá
45404,"Puesta Del Sol",Tonalá
45404,"Rinconada Del Mezquital",Tonalá
45404,"Rinconada del Rosario",Tonalá
45404,"Valle de La Reyna",Tonalá
45404,"Valle Leones",Tonalá
45405,Ahuacate,Tonalá
45405,Altamira,Tonalá
45405,"Constancio Hernández Alvirde",Tonalá
45405,"La Pila",Tonalá
45405,"Las Torres",Tonalá
45405,"Loma Bonita 1a Sección",Tonalá
45405,"Loma Bonita 2a Sección",Tonalá
45405,"Loma Bonita 3a Sección",Tonalá
45405,"Lomas Del Manantial",Tonalá
45405,"Los Manguitos",Tonalá
45405,Zalatitan,Tonalá
45406,"Arcos de Zalatitan",Tonalá
45406,"Arcos de Zalatitan II",Tonalá
45406,"Arroyo Seco",Tonalá
45406,"Basilio Badillo",Tonalá
45406,Geranios,Tonalá
45406,Girasoles,Tonalá
45406,Jacarandas,Tonalá
45406,"Los Pinos",Tonalá
45406,Paraíso,Tonalá
45406,"Paseo de Tonala",Tonalá
45406,"Pinar de las Palomas",Tonalá
45406,"Pinar de las Palomas I",Tonalá
45406,"Pinar de las Palomas II",Tonalá
45406,"Potrero San Francisco",Tonalá
45406,"Quintas del Paraíso",Tonalá
45406,"Rincón del Paraíso",Tonalá
45406,"Rinconada Paraíso",Tonalá
45406,"Villas Zalatitán",Tonalá
45407,"Alamedas de Zalatitán",Tonalá
45407,"Del Laurel",Tonalá
45407,"El Caracol",Tonalá
45407,"El Molino",Tonalá
45407,"La Arena",Tonalá
45407,"La Cruz",Tonalá
45407,"La Villa",Tonalá
45407,"Lomas de Zalatitan",Tonalá
45407,"Lomas Del Laurel",Tonalá
45407,"Los Camichines",Tonalá
45407,"Los Camichines 2",Tonalá
45407,"Los Camichines 3",Tonalá
45407,"Los Manantiales",Tonalá
45407,"Misión de San Francisco",Tonalá
45408,"Alamedas de San Gaspar",Tonalá
45408,"Arboledas de San Gaspar",Tonalá
45408,Arroyo,Tonalá
45408,"Bajío San Gaspar",Tonalá
45408,"Huertas de San Gaspar",Tonalá
45408,"Huertas del Valle",Tonalá
45408,Jazmín,Tonalá
45408,"La Cañada",Tonalá
45408,"La Mojonera",Tonalá
45408,"La Perseverancia",Tonalá
45408,"La Pila de San Gaspar",Tonalá
45408,"Lomas Gaspar",Tonalá
45408,"López Cotilla",Tonalá
45408,"Poder Popular 3a Sección",Tonalá
45408,"San Gaspar",Tonalá
45408,"San Gaspar de las Flores",Tonalá
45410,"Arboleda Tonala",Tonalá
45410,"Buena Mirada",Tonalá
45410,"Cerrito de La Reyna",Tonalá
45410,Coyula,Tonalá
45410,"Cruz Loma",Tonalá
45410,Duque,Tonalá
45410,"El Panorámico",Tonalá
45410,"El Panorámico 2",Tonalá
45410,"Haciendas de la Reina",Tonalá
45410,"Jardines de La Reyna",Tonalá
45410,Juárez,Tonalá
45410,"Llano Verde",Tonalá
45410,"Los Vizcarra",Tonalá
45410,"Mesa de las Gamboas",Tonalá
45410,"Misión de los Viñedos",Tonalá
45410,"Prados de Coyula Sección I",Tonalá
45410,"Prados de Coyula Sección II",Tonalá
45410,"Prados de la Cruz",Tonalá
45410,"Prados de la Cruz",Tonalá
45410,"Privadas de la Reyna",Tonalá
45410,"Puerta Sol",Tonalá
45410,"Rancho de los Alvarez",Tonalá
45410,"Rancho La Cruz",Tonalá
45410,"Real Cruz",Tonalá
45410,Rinconada,Tonalá
45410,"Rinconada de Coyula",Tonalá
45410,"Rinconada de La Cruz",Tonalá
45410,"Rinconada de San Lorenzo",Tonalá
45410,"San Coyula",Tonalá
45410,"Urbi Quinta Montecarlo",Tonalá
45410,"Urbi Villa del Río",Tonalá
45410,"Valle Verde",Tonalá
45410,Vergel,Tonalá
45410,"Villas Cruz",Tonalá
45412,Colimilla,Tonalá
45412,"El Ahuatan",Tonalá
45412,"Emiliano Zapata",Tonalá
45412,"Francisco Villa",Tonalá
45412,"Gallos Viejos",Tonalá
45412,"Jalisco 1a. Sección",Tonalá
45412,"Jalisco 2a. Sección",Tonalá
45412,"La Noria",Tonalá
45412,"La Presa",Tonalá
45412,"La Resolana",Tonalá
45412,"Lázaro Cárdenas (Barranquitas)",Tonalá
45412,"Loma de San Gaspar",Tonalá
45412,"Los Conejos",Tonalá
45412,"Mirador Oriente",Tonalá
45412,"Nuevo Israel",Tonalá
45413,Colosio,Tonalá
45413,"Lázaro Cárdenas",Tonalá
45413,"Poder Popular 4a Sección",Tonalá
45413,"Poder Popular 5a Sección",Tonalá
45413,"Potrero de San Jose",Tonalá
45413,"Residencias el Prado (Jardines del Prado)",Tonalá
45413,"Surcos Largos",Tonalá
45413,Tulipanes,Tonalá
45414,"El Recodo",Tonalá
45416,"Bosques de Tonala",Tonalá
45417,"Cerro de La Campana",Tonalá
45417,"El Moral",Tonalá
45417,"Hacienda La Loma o El Casco",Tonalá
45417,"Jardines de La Cruz Oriente",Tonalá
45417,"Plan del Guaje",Tonalá
45417,"Rancho La Campana",Tonalá
45418,"Las Cañadas",Tonalá
45419,"Rey Xolotl",Tonalá
45420,"El Bordo",Tonalá
45420,"El Rincón",Tonalá
45420,"La Gigantera",Tonalá
45420,"La Liga",Tonalá
45420,"La Pilita",Tonalá
45420,"La Puerta",Tonalá
45420,"La Severiana",Tonalá
45420,"Los Puestos",Tonalá
45420,"Ojo de Agua",Tonalá
45420,"Poder Popular 2a Sección",Tonalá
45420,Potrerillo,Tonalá
45420,"Residencial Misión de Guadalupe",Tonalá
45420,"Santa Isabel",Tonalá
45420,"Santa Paula",Tonalá
45420,"Santa Rosa",Tonalá
45422,"Colinas Tonalá",Tonalá
45422,"El Arenal",Tonalá
45422,Encinos,Tonalá
45422,"Gallo Colorado",Tonalá
45422,"La Loma",Tonalá
45422,"Lomas de San Miguel",Tonalá
45422,"Los Amiales",Tonalá
45422,"Mismaloya (Pedregal de Santa Martha)",Tonalá
45422,Ocotillo,Tonalá
45422,"Potrero de Jauja",Tonalá
45422,"Rancho Sánchez",Tonalá
45422,"Vistas del Pedregal",Tonalá
45424,Fuerte,Tonalá
45424,"Lomas del Salto",Tonalá
45424,"Pinar Paz",Tonalá
45424,"Puente Viejo",Tonalá
45424,"San Francisco de La Soledad",Tonalá
45425,"La Guadalupana",Tonalá
45425,"Lomas de San Miguel",Tonalá
45425,"Lomas de San Miguel II",Tonalá
45425,"Luis Alonso González",Tonalá
45425,"San Miguel de La Punta",Tonalá
45425,Vasconcelos,Tonalá
45426,"Arroyo de Enmedio",Tonalá
45427,"Agua Blanca",Tonalá
45427,"Ejidal del Sol",Tonalá
45427,"El Jordan",Tonalá
45427,Hipódromo,Tonalá
45427,"Puente Grande",Tonalá
45427,"Real Fresno",Tonalá
45427,Tololotlan,Tonalá
45428,"El Paraíso",Tonalá
45428,"Hacienda Del Real",Tonalá
45428,"Jardines de La Hacienda",Tonalá
45428,"Jardines Mirador",Tonalá
45428,Jauja,Tonalá
45428,"La Calma",Tonalá
45428,"La Esperanza",Tonalá
45428,"La Ladrillera",Tonalá
45428,"La Llave",Tonalá
45428,"Los Pajaritos",Tonalá
45428,"Puerta de Jauja",Tonalá
45429,"El Vado",Tonalá
45429,"Haciendas Tonalá",Tonalá
45429,"Lagunitas Tonallan",Tonalá
45429,"Paseo de la Cañada",Tonalá
45429,"Praderas de Tonallan",Tonalá
45429,"Puerta Sol Autopista",Tonalá
45010,Bellavista,Zapopan
45010,"Chapalita Inn",Zapopan
45010,"Ciudad Granja",Zapopan
45010,"Coto Del Rey",Zapopan
45010,Cumbres,Zapopan
45010,"El Colli 1a Secc",Zapopan
45010,"El Colli 2a Secc",Zapopan
45010,EXITMEX,Zapopan
45010,"Glorias Del Colli",Zapopan
45010,"Jardines de Chapalita",Zapopan
45010,"La Castilla",Zapopan
45010,"Lomas Del Colli",Zapopan
45010,"Rinconada Del Parque",Zapopan
45010,"Vistas Del Pinar",Zapopan
45010,"Volcán Del Colli",Zapopan
45012,Álamos,Zapopan
45012,Ayamonte,Zapopan
45012,"Ciudad Judicial Federal",Zapopan
45012,"Rinconada Del Álamo",Zapopan
45013,"Valentín Gómez Farias",Zapopan
45014,"Villa Panamericana",Zapopan
45015,"Centro de Investigación y de Estudios Avanzados",Zapopan
45016,"Lomas Universidad",Zapopan
45016,"Paseos Universidad",Zapopan
45016,"Villas de Vallarta",Zapopan
45017,"El Bajío",Zapopan
45017,Jocotan,Zapopan
45017,"Puertas Del Tule",Zapopan
45018,"Residencial Del Parque",Zapopan
45018,"Santa Maria Del Pueblito",Zapopan
45019,"Indígena San Juan de Ocotan",Zapopan
45019,"La Magdalena",Zapopan
45019,"La Mojonera",Zapopan
45019,"Las Higuerillas",Zapopan
45019,"Los Jazmines",Zapopan
45019,"Porta Real",Zapopan
45019,"San Juan de Ocotan",Zapopan
45019,"Santillana Parque Residencial",Zapopan
45019,Solares,Zapopan
45019,"Valle Real",Zapopan
45020,"Camichines Vallarta",Zapopan
45020,"Eucalipto Vallarta",Zapopan
45020,"Prados Vallarta",Zapopan
45020,"Real Vallarta",Zapopan
45020,"Vallarta La Patria",Zapopan
45027,"Jardines Vallarta",Zapopan
45027,"Rinconada de los Novelistas",Zapopan
45030,"Atlas Chapalita",Zapopan
45030,"Chapalita de Occidente",Zapopan
45030,"Chapalita las Fuentes",Zapopan
45030,"Guadalupe Jardín",Zapopan
45030,"Jardines de Guadalupe",Zapopan
45030,"La Estancia",Zapopan
45030,"Nuestra Señora de Guadalupe",Zapopan
45030,"Plaza Guadalupe",Zapopan
45030,"Plaza Guadalupe 2a Sección",Zapopan
45030,"Prados de Guadalupe",Zapopan
45030,"Rinconada Guadalupe",Zapopan
45034,"Jardines Tepeyac",Zapopan
45035,"El Borrego",Zapopan
45036,"Ciudad Tepeyac",Zapopan
45036,"Colli Sitio",Zapopan
45036,"Guadalupe Sur",Zapopan
45036,"Haciendas Guadalupe",Zapopan
45036,"Nueva Galicia",Zapopan
45036,"Nueva Galicia 2da Sección",Zapopan
45036,"Plaza Guadalupe",Zapopan
45037,"Arcos de Guadalupe",Zapopan
45037,"Coto Residencial 2000",Zapopan
45037,"Guadalupe Inn",Zapopan
45037,"Parques Guadalupe",Zapopan
45038,"Lomas de Guadalupe",Zapopan
45038,"Lomas Del Seminario",Zapopan
45039,"Residencial Cordilleras",Zapopan
45040,"Camino Real",Zapopan
45040,"Chapalita Oriente",Zapopan
45040,"Chapalita Sur",Zapopan
45040,"Ciudad de los Niños",Zapopan
45040,"Jardines de San Ignacio",Zapopan
45040,"Las Flores",Zapopan
45047,Guadalupe,Zapopan
45047,"Rinconada Del Valle",Zapopan
45047,"Tepeyac Casino",Zapopan
45049,"Don Bosco Vallarta",Zapopan
45049,"Vallarta Cuauhtémoc",Zapopan
45050,"Ciudad Del Sol",Zapopan
45050,"El Zapote",Zapopan
45050,"Jardines Del Sol",Zapopan
45050,"Prados Tepeyac",Zapopan
45053,"Hacienda Del Tepeyac",Zapopan
45053,"Parques Del Tepeyac",Zapopan
45054,"Mirador Del Sol",Zapopan
45055,"Plaza Del Sol",Zapopan
45055,"Rinconada Del Sol",Zapopan
45056,"Colli C.T.M.",Zapopan
45057,"El Colli INFONAVIT",Zapopan
45057,"El Colli Primavera",Zapopan
45058,"Nueva Primavera",Zapopan
45058,"Primavera Norte",Zapopan
45058,"Rinconada Santa Catalina",Zapopan
45058,"Santa Catalina",Zapopan
45058,"Villa Puerta Del Sol",Zapopan
45058,"Villas Del Tepeyac",Zapopan
45059,"Moctezuma Poniente",Zapopan
45059,"Residencial Moctezuma",Zapopan
45060,Miramar,Zapopan
45065,"Carlos Rivera",Zapopan
45065,"Jardines Tapatíos",Zapopan
45065,"Lomas de La Primavera",Zapopan
45066,"Arenales Tapatíos",Zapopan
45066,Arrayanes,Zapopan
45066,Citala,Zapopan
45066,"Colinas de La Primavera",Zapopan
45066,"El Fortín",Zapopan
45066,"El Tizate",Zapopan
45066,"Forét Residencial",Zapopan
45066,"Jardines de La Primavera",Zapopan
45066,"La Granja",Zapopan
45066,"Misión La Floresta",Zapopan
45066,"Natura Bosque Residencial",Zapopan
45066,Oyamel,Zapopan
45066,"Puerta del Bosque",Zapopan
45066,"Residencial La Peña",Zapopan
45066,"Valle de San Nicolás",Zapopan
45066,"Villas de la Primavera",Zapopan
45066,"Villas Mariano Otero",Zapopan
45067,"Mariano Otero",Zapopan
45068,"12 de Diciembre",Zapopan
45068,"Balcones Del Sol",Zapopan
45068,"La Floresta Del Colli",Zapopan
45068,"Lomas de Miramar",Zapopan
45069,"Paraísos Del Colli",Zapopan
45069,"Parque Industrial El Colli",Zapopan
45070,"Arboledas 1a Secc",Zapopan
45070,"Arboledas 2a Secc",Zapopan
45070,"El Colli Ejidal",Zapopan
45070,"El Colli Urbano 1a. Sección",Zapopan
45070,"El Colli Urbano 2a. sección",Zapopan
45070,"La Calma",Zapopan
45070,"Las Fuentes",Zapopan
45076,"Unidad Cadete Francisco Márquez",Zapopan
45077,"Las Pirámides",Zapopan
45078,Periodistas,Zapopan
45079,"Hacienda San Antonio del Valle",Zapopan
45079,"Las Alamedas",Zapopan
45079,"Paseos del Sol",Zapopan
45079,"Rinconada Del Sol Por Zona Arqueológica Ixtepec",Zapopan
45080,"Colinas de Las Águilas",Zapopan
45080,"La Calma 2a Secc",Zapopan
45080,"Las Águilas",Zapopan
45080,"Pinar de La Calma",Zapopan
45080,"Rinconada de La Calma",Zapopan
45080,"Sierra de Tapalpa",Zapopan
45080,"Unidad Díaz Ordaz",Zapopan
45085,"Loma Bonita Ejidal",Zapopan
45086,"Loma Bonita",Zapopan
45086,"Loma Bonita Sur",Zapopan
45087,Navío,Zapopan
45087,"Rinconada La Joya",Zapopan
45088,"La Giralda",Zapopan
45088,"Residencial Loma Bonita",Zapopan
45089,"Jardines Villas del Bosque",Zapopan
45089,"Residencial Victoria",Zapopan
45100,"La Villa",Zapopan
45100,"Zapopan Centro",Zapopan
45110,"Colinas de San Javier",Zapopan
45110,"Colomos Patria",Zapopan
45110,Jacarandas,Zapopan
45110,"Jardines de La Patria",Zapopan
45110,"Jardines Universidad",Zapopan
45110,"Real San Bernardo",Zapopan
45110,"San Bernardo",Zapopan
45110,"San Wenceslao",Zapopan
45110,"Santa Isabel",Zapopan
45110,"Vallarta Universidad",Zapopan
45110,"Villa Universitaria",Zapopan
45110,"Virreyes Residencial",Zapopan
45116,Pontevedra,Zapopan
45116,"Puerta de Hierro",Zapopan
45116,"Puerta Del Roble",Zapopan
45116,"Puerta Plata",Zapopan
45116,"Royal Country",Zapopan
45117,"Callejón del Parque",Zapopan
45117,"El Rincón",Zapopan
45117,"La Laja",Zapopan
45117,"Parque de La Castellana",Zapopan
45117,"Parque Regency",Zapopan
45117,"Puerta del Sol",Zapopan
45118,"Atlas Colomos",Zapopan
45118,"El Prado",Zapopan
45118,Guadalajarita,Zapopan
45118,"Lomas de las Palmas",Zapopan
45118,"Lomas Del Bosque",Zapopan
45118,Zotogrande,Zapopan
45119,"La Patria Universidad",Zapopan
45120,"Hacienda de Las Lomas",Zapopan
45120,"Juan Manuel Vallarta",Zapopan
45120,"Los Pinos",Zapopan
45120,"Rinconada Santa Rita",Zapopan
45120,"Unidad México",Zapopan
45120,Vigusa,Zapopan
45120,"Villas de San Javier",Zapopan
45128,"La Favorita",Zapopan
45128,"Lomas Altas",Zapopan
45129,"Loma Real",Zapopan
45129,"Lomas Del Valle",Zapopan
45129,"Los Palomos",Zapopan
45130,Altagracia,Zapopan
45130,"Arcos de Zapopan 1a. Sección",Zapopan
45130,"Arcos de Zapopan 2a. Sección",Zapopan
45130,"Bosque Valdepeñas",Zapopan
45130,"Bosques de Zapopan",Zapopan
45130,"Cañadas de San Lorenzo",Zapopan
45130,"Casa Grande",Zapopan
45130,"Colinas Del Rey",Zapopan
45130,"Francisco Villa",Zapopan
45130,"Hacienda del Sol",Zapopan
45130,"Lomas de San Isidro",Zapopan
45130,"Lomas de Zapopan",Zapopan
45130,"Magisterial Mirador de San Isidro",Zapopan
45130,"Punta Valdepeñas 1",Zapopan
45130,"Punta Valdepeñas 2",Zapopan
45130,"Real de Valdepeñas",Zapopan
45130,"Real Del Bosque",Zapopan
45130,"Real del Camichin",Zapopan
45130,"Rinconadas de las Palmas",Zapopan
45130,"San Francisco",Zapopan
45130,"Villas de Torremolinos",Zapopan
45130,"Villas de Zapopan",Zapopan
45130,"Zapopan Industrial Norte",Zapopan
45133,"Altavista Residencial",Zapopan
45133,"Bosques de la Primavera",Zapopan
45133,"Bosques de San Isidro",Zapopan
45133,"El Centinela",Zapopan
45133,"Haciendas Del Valle",Zapopan
45133,"Haciendas Del Valle 2a Sección",Zapopan
45133,"Mirador de La Cañada",Zapopan
45133,"Mirador de San Isidro",Zapopan
45133,"Mirador de San Isidro 3a Sección",Zapopan
45133,"Misión de San Isidro",Zapopan
45133,"Misión Del Bosque",Zapopan
45133,"Rinconada del Mirador",Zapopan
45133,"Valle de San Isidro",Zapopan
45133,"Villas Del Mirador",Zapopan
45134,"Agraria Río Blanco",Zapopan
45134,"Bosque de Los Encinos",Zapopan
45134,"Bosques de San Gonzalo",Zapopan
45134,"Campestre Los Robles",Zapopan
45134,"Campo Real",Zapopan
45134,"Colina de los Robles",Zapopan
45134,"Coto Miraflores",Zapopan
45134,"El Tigre",Zapopan
45134,"El Tigre 2",Zapopan
45134,"El Zapote",Zapopan
45134,"Jardines de San Gonzalo",Zapopan
45134,"La Cima",Zapopan
45134,"La Moraleja",Zapopan
45134,"Lomas de San Gonzalo",Zapopan
45134,"Los Alamitos",Zapopan
45134,"Los Robles",Zapopan
45134,"Marcelino Garcia Barragán",Zapopan
45134,"Placita del Sol",Zapopan
45134,"Real Cantabria",Zapopan
45134,"Rio Blanco",Zapopan
45134,"Valle Imperial",Zapopan
45134,"Valles de Nuevo México (La Periquera)",Zapopan
45134,"Vicente Guerrero",Zapopan
45134,"Villas Del Valle",Zapopan
45134,"Villas La Loma",Zapopan
45135,"Colinas Del Centinela",Zapopan
45135,"Los Almendros",Zapopan
45135,"Parques Del Centinela",Zapopan
45135,"Residencial San Isidro",Zapopan
45135,"San Isidro",Zapopan
45136,"Jardín Real",Zapopan
45136,"La Mora",Zapopan
45136,"Las Lomas Club Golf",Zapopan
45136,"Los Girasoles",Zapopan
45136,"Parque Real",Zapopan
45136,"Puerta del Valle",Zapopan
45136,"Puerta Real",Zapopan
45136,"Residencial Poniente",Zapopan
45136,"Rinconadas del Valle",Zapopan
45138,"Colegio Del Aire",Zapopan
45138,"El Fresno",Zapopan
45138,"El Olivo Coto Residencial",Zapopan
45138,"El Triángulo",Zapopan
45138,"Esencia Residencial",Zapopan
45138,"Ex Hacienda de La Mora",Zapopan
45138,"Flores del Valle",Zapopan
45138,"Girasoles Acueducto",Zapopan
45138,"Girasoles Elite",Zapopan
45138,"Héroes Nacionales",Zapopan
45138,"Hogares de Nuevo México",Zapopan
45138,"Jardines de Nuevo México",Zapopan
45138,"Jardines de San Antonio",Zapopan
45138,"Jardines de Santa Margarita",Zapopan
45138,"Jardines Del Valle",Zapopan
45138,"Juan Manuel Ruvalcaba",Zapopan
45138,"La Casita",Zapopan
45138,"La Noria Residencial",Zapopan
45138,"La Tuzania",Zapopan
45138,"Las Bóvedas",Zapopan
45138,"Los Mandarinos",Zapopan
45138,"Luis Donaldo Colosio",Zapopan
45138,"Militar Zapopan",Zapopan
45138,"Misión Del Valle",Zapopan
45138,"Misión Del Valle 2",Zapopan
45138,"Misión Jardines",Zapopan
45138,"Nuevo México",Zapopan
45138,"Parques de Zapopan",Zapopan
45138,"Praderas de San Antonio",Zapopan
45138,"Real Del Parque",Zapopan
45138,"Residencial Militar",Zapopan
45138,"Residencial Santa Fe",Zapopan
45138,"Rinconada de Los Fresnos",Zapopan
45138,"Rinconada del Aire",Zapopan
45138,"Rinconadas de Zapopan",Zapopan
45138,"Santa Margarita Residencial",Zapopan
45138,"Valle Esmeralda",Zapopan
45138,"Villas de Nuevo México",Zapopan
45138,"Viveros del Valle",Zapopan
45140,"El Vigía",Zapopan
45140,"La Loma",Zapopan
45140,"Residencial los Frailes",Zapopan
45140,"San Francisco",Zapopan
45140,"San José del Bajío",Zapopan
45140,"Santa Margarita",Zapopan
45140,U.A.G.,Zapopan
45140,"Unidad Abastos Belenes",Zapopan
45145,"Belenes Norte",Zapopan
45146,"Unidad República",Zapopan
45147,"San Isidro Ejidal",Zapopan
45148,"La Arboleda",Zapopan
45149,"Unidad FOVISSSTE",Zapopan
45150,"Belenes U de G",Zapopan
45150,"Ecológica Seattle",Zapopan
45150,"El Capullo",Zapopan
45150,"La Hoja Verde",Zapopan
45150,"Los Maestros",Zapopan
45150,"San Miguel de La Cañada",Zapopan
45150,Seattle,Zapopan
45150,Tepeyac,Zapopan
45157,"Conjunto Habitacional Laureles",Zapopan
45157,"El Paraíso",Zapopan
45157,"Industrial los Belenes",Zapopan
45157,"Los Paraísos",Zapopan
45157,"Rinconada Lopez Cotilla",Zapopan
45157,"Villa de los Belenes",Zapopan
45158,"Aves del Paraíso",Zapopan
45158,"Conjunto Zapopan",Zapopan
45158,"Los Abetos",Zapopan
45158,"Los Laureles",Zapopan
45158,"Prados de San Ignacio",Zapopan
45158,"Rinconada de las Azaleas",Zapopan
45158,"San Gilberto",Zapopan
45159,"La Aurora",Zapopan
45160,Agraria,Zapopan
45160,Altamira,Zapopan
45160,Jacarandas,Zapopan
45160,Patria,Zapopan
45160,"Patria Raquet",Zapopan
45160,"Patria Zoquipan",Zapopan
45160,"Plaza Patria",Zapopan
45160,"Residencial Patria",Zapopan
45160,"San Miguel de La Colina",Zapopan
45160,"Villa San Jorge",Zapopan
45160,"Villas del Bosque",Zapopan
45167,"Loma Blanca",Zapopan
45168,"Santa Fe",Zapopan
45169,Lindavista,Zapopan
45169,"Villa Coral",Zapopan
45169,"Villa Magna",Zapopan
45169,"Villa Palmas",Zapopan
45170,"Colinas de Atemajac",Zapopan
45170,"Conjunto Seattle",Zapopan
45170,"Ejido de Zoquiapan",Zapopan
45170,GVSA,Zapopan
45170,Zoquipan,Zapopan
45176,"Lomas del Camino",Zapopan
45176,"Unidad Patria",Zapopan
45177,"Lagos del Country",Zapopan
45178,"Lomas de Atemajac",Zapopan
45179,"Santa Paula",Zapopan
45180,"27 de Septiembre",Zapopan
45180,"Bosque Escondido",Zapopan
45180,"Colinas de los Belenes",Zapopan
45180,Constitución,Zapopan
45180,"CUCEA Universidad de Guadalajara",Zapopan
45180,"Del Federalismo",Zapopan
45180,"División del Norte",Zapopan
45180,"Hacienda San Joaquín",Zapopan
45180,"Hogar de Atemajac",Zapopan
45180,"Jardines de la Cantera",Zapopan
45180,"Jardines de La Esperanza",Zapopan
45180,"Jardines Del Auditorio",Zapopan
45180,"Jardines del Porvenir",Zapopan
45180,"Jardines Del Vergel",Zapopan
45180,"Jardines Seattle Unidad",Zapopan
45180,"José López Portillo",Zapopan
45180,"La Grana",Zapopan
45180,"La Huerta",Zapopan
45180,"La Joya",Zapopan
45180,"La Palmita",Zapopan
45180,"Las Cabañitas",Zapopan
45180,"Las Fuentes",Zapopan
45180,"Los Cerritos",Zapopan
45180,"Nuevo Vergel",Zapopan
45180,"Parques del Auditorio",Zapopan
45180,"Pedro Moreno",Zapopan
45180,"Quinta Del Federalismo",Zapopan
45180,"Rinconada Auditorio",Zapopan
45180,"Rinconada San Isidro",Zapopan
45180,"Santa Engracia",Zapopan
45180,"Unidad Auditorio 1a. Secc.",Zapopan
45180,"Unidad Auditorio 2a Secc",Zapopan
45180,"Venustiano Carranza",Zapopan
45180,"Villas Del Marques",Zapopan
45184,Constituyentes,Zapopan
45184,"Hermenegildo Galeana",Zapopan
45185,"Alamedas de Tesistán",Zapopan
45185,"Colinas de Tabachines",Zapopan
45185,"Emiliano Zapata",Zapopan
45185,"La Martinica",Zapopan
45185,"Lomas de Tabachines",Zapopan
45186,"Agua Fría",Zapopan
45186,"Arroyo Hondo",Zapopan
45186,"Arroyo Hondo 2a Secc",Zapopan
45186,"Balcones de La Cantera",Zapopan
45186,"Lomas Del Refugio",Zapopan
45186,"Miguel Hidalgo",Zapopan
45186,"Nueva España",Zapopan
45187,"Bosques Del Centinela I",Zapopan
45187,"Bosques Del Centinela II",Zapopan
45187,"Bosques del Centinela III",Zapopan
45187,"El Bosque",Zapopan
45187,"Lomas Del Centinela",Zapopan
45187,"Quintas del Bosque",Zapopan
45187,"Rinconada de Los Sauces",Zapopan
45187,"Villas Del Centinela",Zapopan
45187,"Vistas Del Centinela",Zapopan
45188,"Jardines de Tabachines",Zapopan
45188,"Lomas Del Vergel",Zapopan
45188,"Residencial Tabachines",Zapopan
45188,"Rinconada de los Belenes",Zapopan
45188,"Rinconadas Tabachines",Zapopan
45188,"San Nicolás de los Belenes",Zapopan
45188,Tabachines,Zapopan
45189,"Coronilla Del Ocote",Zapopan
45189,"Crucero de La Mesa",Zapopan
45189,"La Coronilla",Zapopan
45189,"La Higuera",Zapopan
45189,"Mesa Colorada Oriente",Zapopan
45189,"Mesa Colorada Poniente",Zapopan
45189,"Mesa de los Ocotes",Zapopan
45189,"Mirador Escondido",Zapopan
45189,"Pedregal Zapopan",Zapopan
45189,"Villas de Guadalupe",Zapopan
45189,"Vista Hermosa",Zapopan
45190,"Atemajac Del Valle",Zapopan
45190,"Azaleas Del Valle",Zapopan
45190,"Conjunto Ritz",Zapopan
45190,"El Batan",Zapopan
45190,"El Carrizal",Zapopan
45190,"Gonzalez Ortega",Zapopan
45190,Hogares,Zapopan
45190,"Indígena de Mezquitan",Zapopan
45190,"Jardines de los Belenes",Zapopan
45190,"Las Palomas",Zapopan
45190,"Lomas Del Batan",Zapopan
45190,"Los Canteros",Zapopan
45190,"Victor Hugo",Zapopan
45190,"Villa Atemajac",Zapopan
45190,"Villas Alcalde",Zapopan
45198,"La Experiencia",Zapopan
45198,"Molino Del Salvador",Zapopan
45199,"Benito Juárez",Zapopan
45199,"Benito Juárez Norte",Zapopan
45200,"Al Viento Residencial I",Zapopan
45200,"Altus Quintas",Zapopan
45200,"Ampliación Santa Lucía",Zapopan
45200,"Callejón del Bosque",Zapopan
45200,"Campestre Las Palomas",Zapopan
45200,Copalita,Zapopan
45200,Copalita,Zapopan
45200,"Coto San Francisco",Zapopan
45200,"Cristo Rey",Zapopan
45200,"El Álamo",Zapopan
45200,"El Húmedo de Nextipac",Zapopan
45200,"El Mesón de Cópala",Zapopan
45200,"El Quemado",Zapopan
45200,Estrada,Zapopan
45200,"Hacienda Cópala",Zapopan
45200,"Hacienda las Palomas",Zapopan
45200,"Haciendas de Zapopan",Zapopan
45200,"Jardines de las Fuentes",Zapopan
45200,"La Cima",Zapopan
45200,"La Cuchilla (Extramuros de Tesistán)",Zapopan
45200,"La Cúspide",Zapopan
45200,"La Joyita",Zapopan
45200,"La Magdalena",Zapopan
45200,"Lago Real",Zapopan
45200,"Las Agujas",Zapopan
45200,"Las Fuentecillas",Zapopan
45200,"Las Golondrinas",Zapopan
45200,"Loma Chica",Zapopan
45200,"Lomas de Montechelo (El Pedregal)",Zapopan
45200,"Los Angeles de Nextipac",Zapopan
45200,"Los Flamingos (La Vinatera)",Zapopan
45200,"Los Manzanos",Zapopan
45200,"Los Manzanos",Zapopan
45200,"Los Molinos",Zapopan
45200,"Los Pinos",Zapopan
45200,"Los Telares",Zapopan
45200,"Los Tréboles",Zapopan
45200,"Los Tres Vaqueros",Zapopan
45200,"Martell del Valle",Zapopan
45200,"Mirador del Bosque",Zapopan
45200,"Misión Capistrano",Zapopan
45200,Palermo,Zapopan
45200,"Parques de Tesistán",Zapopan
45200,"Praderas de Tesistán",Zapopan
45200,"Prados de Nextipac 1a Sección",Zapopan
45200,"Prados de Nextipac 2a Sección",Zapopan
45200,"Prados Santa Lucia",Zapopan
45200,"Puerta del Llano",Zapopan
45200,"Real Casa Blanca",Zapopan
45200,"Real de las Lomas",Zapopan
45200,"Real de Tesistán",Zapopan
45200,"Residencial Albaterra",Zapopan
45200,"Residencial Amaranto",Zapopan
45200,"Residencial Parques de Tesistán III",Zapopan
45200,"Residencial Tesistán",Zapopan
45200,Revolución,Zapopan
45200,"Roberto Orozco",Zapopan
45200,"San Francisco Tesistán",Zapopan
45200,"San José Ejidal",Zapopan
45200,"Santa Lucia",Zapopan
45200,"Santa Mónica de los Chorritos",Zapopan
45200,"Sendas del Valle",Zapopan
45200,"Senderos de Tesistán",Zapopan
45200,"Tierra, Aire y Fuego",Zapopan
45200,"Valle de los Molinos",Zapopan
45200,"Valle del Sol",Zapopan
45200,"Villas de Santa Lucía",Zapopan
45200,"Villas de Tesistán",Zapopan
45200,"Vistas de Tesistán",Zapopan
45205,"San Esteban",Zapopan
45205,"San Miguel Tateposco",Zapopan
45206,"Las Cañadas",Zapopan
45207,"Los Olivos",Zapopan
45220,Nextipac,Zapopan
45221,"Diana Nature Residencial",Zapopan
45221,"La Venta Del Astillero",Zapopan
45221,"Pinar de la Venta",Zapopan
45221,"Santa Sofía Hacienda Country Club",Zapopan
45222,"Campo Lago",Zapopan
45222,"La Ratonera",Zapopan
45222,"Rancho Contento",Zapopan
45226,"La Primavera",Zapopan
45230,"Hacienda las Tejas",Zapopan
45230,"Jardines de Santa Ana",Zapopan
45230,"La Haciendita",Zapopan
45230,"Santa Ana Tepetitlán",Zapopan
45234,"El Campanario",Zapopan
45234,"La Florida",Zapopan
45234,"La Palmira",Zapopan
45234,"Los Cajetes",Zapopan
45234,"Los Pollitos",Zapopan
45235,"Agua Blanca",Zapopan
45235,"Agua Blanca Industrial",Zapopan
45235,"Agua Blanca Sur",Zapopan
45235,"El Mante",Zapopan
45236,Agrícola,Zapopan
45236,"El Briceño",Zapopan
45236,"El Garabato",Zapopan
45236,"Francisco Sarabia",Zapopan
45236,"Jardines de Ixtepete",Zapopan
45236,"Paseos Del Briceño",Zapopan
45236,"Prados Del Ixtepete",Zapopan
45236,"Rinconada de Las Arboledas",Zapopan
45236,"Villas Del Iztepete",Zapopan
45236,"Villas Perisur",Zapopan
45237,"Ciudad Bugambilia",Zapopan
45237,"Del Bosque",Zapopan
45237,"Vistas del Sol",Zapopan
45237,"Vistas del Valle",Zapopan
45238,Bugambilias,Zapopan
45238,"La Loma",Zapopan
45239,Azaleas,Zapopan
45239,"Coto La Joya",Zapopan
45239,"Los Pinos Campestre",Zapopan
45239,"Miguel de La Madrid Hurtado",Zapopan
45239,"Paraíso Los Pinos",Zapopan
45239,"Rinconada Del Iris",Zapopan
45239,"Valle de Bugambilias",Zapopan
45242,"La Soledad",Zapopan
45242,"San Francisco de Ixcatán",Zapopan
45245,"Haciendas la Herradura",Zapopan
45430,"El Bajío",Zapotlanejo
45430,"El Ocote de Nuño",Zapotlanejo
45430,"Grupo de los 100",Zapotlanejo
45430,"La Ceja",Zapotlanejo
45430,"La Morita",Zapotlanejo
45430,Zapotlanejo,Zapotlanejo
45432,"Lomas de Huizquilco",Zapotlanejo
45434,Colimilla,Zapotlanejo
45434,"El Aguacate",Zapotlanejo
45435,"El Maestranzo 1",Zapotlanejo
45435,Matatlan,Zapotlanejo
45435,Noxtla,Zapotlanejo
45436,"Los Platos",Zapotlanejo
45437,"Mezquite Grande",Zapotlanejo
45438,"La Laja",Zapotlanejo
45438,"Las Americas",Zapotlanejo
45439,Cuchillas,Zapotlanejo
45439,"El Salitre (La Mora)",Zapotlanejo
45439,"La Mezquitera",Zapotlanejo
45440,"El Saucillo de Maldonado",Zapotlanejo
45443,"El Cacalote",Zapotlanejo
45443,"Joya Chica",Zapotlanejo
45443,"La Purísima",Zapotlanejo
45444,Calabozo,Zapotlanejo
45444,"San Joaquín Zorrillos",Zapotlanejo
45445,"Agua Bermeja",Zapotlanejo
45445,"Joya Del Camino",Zapotlanejo
45445,"San Jose de las Flores",Zapotlanejo
45446,Tinajeros,Zapotlanejo
45448,"Las Tortugas Del Cacalote",Zapotlanejo
45450,Tecomatlan,Zapotlanejo
45452,"Buenos Aires",Zapotlanejo
45452,"Cerrito de Buenos Aires",Zapotlanejo
45453,"El Carrizo",Zapotlanejo
45453,"Salto de Coyotes",Zapotlanejo
45454,"El Cebadero",Zapotlanejo
45455,"Los Ocotes",Zapotlanejo
45460,"Santa Fe",Zapotlanejo
45462,"Agua Escondida",Zapotlanejo
45463,"Escalofrío de Santa Fe",Zapotlanejo
45464,"San Román Corralillos de las Flores",Zapotlanejo
45465,"La Paz (Piedras Negras)",Zapotlanejo
45466,"La Huizachera",Zapotlanejo
